[INFO] Scanning for projects...
[INFO] 
[INFO] -------------------< com.taskflow:taskflow-backend >--------------------
[INFO] Building taskflow-backend 0.0.1-SNAPSHOT
[INFO]   from pom.xml
[INFO] --------------------------------[ jar ]---------------------------------
[INFO] 
[INFO] >>> spring-boot:3.1.4:run (default-cli) > test-compile @ taskflow-backend >>>
[INFO] 
[INFO] --- resources:3.3.1:resources (default-resources) @ taskflow-backend ---
[INFO] Copying 1 resource from src\main\resources to target\classes
[INFO] Copying 1 resource from src\main\resources to target\classes
[INFO] 
[INFO] --- compiler:3.11.0:compile (default-compile) @ taskflow-backend ---
[INFO] Nothing to compile - all classes are up to date
[INFO] 
[INFO] --- resources:3.3.1:testResources (default-testResources) @ taskflow-backend ---
[INFO] skip non existing resourceDirectory E:\Personal_Projects\Taskflow App\backend\src\test\resources
[INFO] 
[INFO] --- compiler:3.11.0:testCompile (default-testCompile) @ taskflow-backend ---
[INFO] No sources to compile
[INFO] 
[INFO] <<< spring-boot:3.1.4:run (default-cli) < test-compile @ taskflow-backend <<<
[INFO] 
[INFO] 
[INFO] --- spring-boot:3.1.4:run (default-cli) @ taskflow-backend ---
Downloading from central: https://repo.maven.apache.org/maven2/org/springframework/boot/spring-boot-buildpack-platform/3.1.4/spring-boot-buildpack-platform-3.1.4.jar
Progress (1): 1.4/261 kB
Progress (1): 2.7/261 kB
Progress (1): 4.1/261 kB
Progress (1): 5.5/261 kB
Progress (1): 6.8/261 kB
Progress (1): 8.2/261 kB
Progress (1): 9.6/261 kB
Progress (1): 11/261 kB 
Progress (1): 12/261 kB
Progress (1): 14/261 kB
Progress (1): 15/261 kB
Progress (1): 16/261 kB
Progress (1): 18/261 kB
Progress (1): 19/261 kB
Progress (1): 20/261 kB
Progress (1): 22/261 kB
Progress (1): 23/261 kB
Progress (1): 25/261 kB
Progress (1): 26/261 kB
Progress (1): 27/261 kB
Progress (1): 29/261 kB
Progress (1): 30/261 kB
Progress (1): 31/261 kB
Progress (1): 33/261 kB
Progress (1): 34/261 kB
Progress (1): 36/261 kB
Progress (1): 37/261 kB
Progress (1): 38/261 kB
Progress (1): 40/261 kB
Progress (1): 41/261 kB
Progress (1): 42/261 kB
Progress (1): 44/261 kB
Progress (1): 45/261 kB
Progress (1): 46/261 kB
Progress (1): 48/261 kB
Progress (1): 49/261 kB
Progress (1): 51/261 kB
Progress (1): 52/261 kB
Progress (1): 53/261 kB
Progress (1): 55/261 kB
Progress (1): 59/261 kB
Progress (1): 63/261 kB
Progress (1): 66/261 kB
Progress (1): 70/261 kB
Progress (1): 74/261 kB
Progress (1): 78/261 kB
Progress (1): 82/261 kB
Progress (1): 86/261 kB
Progress (1): 90/261 kB
Progress (1): 95/261 kB
Progress (1): 98/261 kB
Progress (1): 103/261 kB
Progress (1): 107/261 kB
Progress (1): 111/261 kB
Progress (1): 115/261 kB
Progress (1): 119/261 kB
Progress (1): 123/261 kB
Progress (1): 127/261 kB
Progress (1): 132/261 kB
Progress (1): 136/261 kB
Progress (1): 140/261 kB
Progress (1): 144/261 kB
Progress (1): 147/261 kB
Progress (1): 152/261 kB
Progress (1): 156/261 kB
Progress (1): 160/261 kB
Progress (1): 164/261 kB
Progress (1): 168/261 kB
Progress (1): 172/261 kB
Progress (1): 177/261 kB
Progress (1): 180/261 kB
Progress (1): 184/261 kB
Progress (1): 189/261 kB
Progress (1): 193/261 kB
Progress (1): 197/261 kB
Progress (1): 201/261 kB
Progress (1): 205/261 kB
Progress (1): 209/261 kB
Progress (1): 213/261 kB
Progress (1): 217/261 kB
Progress (1): 229/261 kB
Progress (1): 246/261 kB
Progress (1): 261 kB    
                    
Downloaded from central: https://repo.maven.apache.org/maven2/org/springframework/boot/spring-boot-buildpack-platform/3.1.4/spring-boot-buildpack-platform-3.1.4.jar (261 kB at 222 kB/s)
Downloading from central: https://repo.maven.apache.org/maven2/net/java/dev/jna/jna-platform/5.7.0/jna-platform-5.7.0.jar
Downloading from central: https://repo.maven.apache.org/maven2/net/java/dev/jna/jna/5.7.0/jna-5.7.0.jar
Downloading from central: https://repo.maven.apache.org/maven2/org/apache/httpcomponents/client5/httpclient5/5.2.1/httpclient5-5.2.1.jar
Downloading from central: https://repo.maven.apache.org/maven2/org/apache/httpcomponents/core5/httpcore5/5.2/httpcore5-5.2.jar
Downloading from central: https://repo.maven.apache.org/maven2/org/apache/httpcomponents/core5/httpcore5-h2/5.2/httpcore5-h2-5.2.jar
Progress (1): 0/1.3 MB
Progress (1): 0/1.3 MB
Progress (1): 0/1.3 MB
Progress (1): 0.1/1.3 MB
Progress (1): 0.1/1.3 MB
Progress (1): 0.1/1.3 MB
Progress (1): 0.1/1.3 MB
Progress (1): 0.1/1.3 MB
Progress (1): 0.1/1.3 MB
Progress (1): 0.2/1.3 MB
Progress (1): 0.2/1.3 MB
Progress (1): 0.2/1.3 MB
Progress (1): 0.2/1.3 MB
Progress (1): 0.2/1.3 MB
Progress (1): 0.2/1.3 MB
Progress (1): 0.3/1.3 MB
Progress (1): 0.3/1.3 MB
Progress (2): 0.3/1.3 MB | 0.9/840 kB
Progress (2): 0.3/1.3 MB | 2.3/840 kB
Progress (2): 0.3/1.3 MB | 3.6/840 kB
Progress (2): 0.3/1.3 MB | 5.0/840 kB
Progress (2): 0.3/1.3 MB | 5.0/840 kB
Progress (2): 0.3/1.3 MB | 6.4/840 kB
Progress (2): 0.3/1.3 MB | 7.7/840 kB
Progress (2): 0.3/1.3 MB | 9.1/840 kB
Progress (2): 0.3/1.3 MB | 10/840 kB 
Progress (2): 0.3/1.3 MB | 10/840 kB
Progress (2): 0.3/1.3 MB | 12/840 kB
Progress (2): 0.3/1.3 MB | 13/840 kB
Progress (2): 0.3/1.3 MB | 15/840 kB
Progress (2): 0.3/1.3 MB | 16/840 kB
Progress (2): 0.3/1.3 MB | 17/840 kB
Progress (2): 0.3/1.3 MB | 19/840 kB
Progress (2): 0.3/1.3 MB | 20/840 kB
Progress (2): 0.3/1.3 MB | 20/840 kB
Progress (2): 0.3/1.3 MB | 21/840 kB
Progress (2): 0.3/1.3 MB | 23/840 kB
Progress (2): 0.3/1.3 MB | 24/840 kB
Progress (2): 0.3/1.3 MB | 25/840 kB
Progress (2): 0.3/1.3 MB | 26/840 kB
Progress (2): 0.3/1.3 MB | 27/840 kB
Progress (2): 0.3/1.3 MB | 29/840 kB
Progress (2): 0.3/1.3 MB | 30/840 kB
Progress (2): 0.3/1.3 MB | 31/840 kB
Progress (2): 0.3/1.3 MB | 31/840 kB
Progress (2): 0.3/1.3 MB | 33/840 kB
Progress (2): 0.3/1.3 MB | 34/840 kB
Progress (2): 0.3/1.3 MB | 36/840 kB
Progress (2): 0.3/1.3 MB | 37/840 kB
Progress (2): 0.3/1.3 MB | 38/840 kB
Progress (2): 0.3/1.3 MB | 40/840 kB
Progress (2): 0.3/1.3 MB | 41/840 kB
Progress (2): 0.3/1.3 MB | 42/840 kB
Progress (2): 0.4/1.3 MB | 42/840 kB
Progress (2): 0.4/1.3 MB | 44/840 kB
Progress (2): 0.4/1.3 MB | 45/840 kB
Progress (2): 0.4/1.3 MB | 46/840 kB
Progress (2): 0.4/1.3 MB | 48/840 kB
Progress (2): 0.4/1.3 MB | 49/840 kB
Progress (2): 0.4/1.3 MB | 51/840 kB
Progress (2): 0.4/1.3 MB | 52/840 kB
Progress (2): 0.4/1.3 MB | 53/840 kB
Progress (2): 0.4/1.3 MB | 55/840 kB
Progress (2): 0.4/1.3 MB | 55/840 kB
Progress (2): 0.4/1.3 MB | 59/840 kB
Progress (2): 0.4/1.3 MB | 63/840 kB
Progress (2): 0.4/1.3 MB | 67/840 kB
Progress (2): 0.4/1.3 MB | 67/840 kB
Progress (2): 0.4/1.3 MB | 72/840 kB
Progress (2): 0.4/1.3 MB | 76/840 kB
Progress (2): 0.4/1.3 MB | 80/840 kB
Progress (2): 0.4/1.3 MB | 84/840 kB
Progress (2): 0.4/1.3 MB | 84/840 kB
Progress (2): 0.4/1.3 MB | 89/840 kB
Progress (3): 0.4/1.3 MB | 89/840 kB | 0/1.7 MB
Progress (3): 0.4/1.3 MB | 93/840 kB | 0/1.7 MB
Progress (4): 0.4/1.3 MB | 93/840 kB | 0/1.7 MB | 0.9/237 kB
Progress (4): 0.4/1.3 MB | 93/840 kB | 0/1.7 MB | 0.9/237 kB
Progress (4): 0.4/1.3 MB | 93/840 kB | 0/1.7 MB | 2.3/237 kB
Progress (4): 0.4/1.3 MB | 93/840 kB | 0/1.7 MB | 2.3/237 kB
Progress (4): 0.4/1.3 MB | 93/840 kB | 0/1.7 MB | 3.6/237 kB
Progress (4): 0.4/1.3 MB | 97/840 kB | 0/1.7 MB | 3.6/237 kB
Progress (4): 0.4/1.3 MB | 97/840 kB | 0/1.7 MB | 5.0/237 kB
Progress (4): 0.4/1.3 MB | 97/840 kB | 0/1.7 MB | 5.0/237 kB
Progress (4): 0.4/1.3 MB | 97/840 kB | 0/1.7 MB | 6.4/237 kB
Progress (4): 0.4/1.3 MB | 97/840 kB | 0/1.7 MB | 6.4/237 kB
Progress (4): 0.4/1.3 MB | 97/840 kB | 0/1.7 MB | 7.7/237 kB
Progress (4): 0.4/1.3 MB | 97/840 kB | 0/1.7 MB | 7.7/237 kB
Progress (4): 0.4/1.3 MB | 97/840 kB | 0/1.7 MB | 9.1/237 kB
Progress (4): 0.4/1.3 MB | 97/840 kB | 0/1.7 MB | 9.1/237 kB
Progress (4): 0.4/1.3 MB | 101/840 kB | 0/1.7 MB | 9.1/237 kB
Progress (4): 0.4/1.3 MB | 101/840 kB | 0/1.7 MB | 10/237 kB 
Progress (4): 0.4/1.3 MB | 101/840 kB | 0/1.7 MB | 12/237 kB
Progress (4): 0.4/1.3 MB | 101/840 kB | 0/1.7 MB | 12/237 kB
Progress (4): 0.4/1.3 MB | 101/840 kB | 0/1.7 MB | 12/237 kB
Progress (4): 0.4/1.3 MB | 101/840 kB | 0/1.7 MB | 13/237 kB
Progress (4): 0.4/1.3 MB | 101/840 kB | 0/1.7 MB | 13/237 kB
Progress (4): 0.4/1.3 MB | 101/840 kB | 0/1.7 MB | 13/237 kB
Progress (4): 0.4/1.3 MB | 105/840 kB | 0/1.7 MB | 13/237 kB
Progress (4): 0.4/1.3 MB | 105/840 kB | 0/1.7 MB | 13/237 kB
Progress (4): 0.4/1.3 MB | 105/840 kB | 0/1.7 MB | 14/237 kB
Progress (4): 0.4/1.3 MB | 110/840 kB | 0/1.7 MB | 14/237 kB
Progress (4): 0.4/1.3 MB | 110/840 kB | 0/1.7 MB | 14/237 kB
Progress (4): 0.4/1.3 MB | 110/840 kB | 0/1.7 MB | 16/237 kB
Progress (4): 0.4/1.3 MB | 110/840 kB | 0/1.7 MB | 17/237 kB
Progress (4): 0.4/1.3 MB | 110/840 kB | 0/1.7 MB | 17/237 kB
Progress (4): 0.4/1.3 MB | 110/840 kB | 0/1.7 MB | 17/237 kB
Progress (4): 0.4/1.3 MB | 114/840 kB | 0/1.7 MB | 17/237 kB
Progress (4): 0.5/1.3 MB | 114/840 kB | 0/1.7 MB | 17/237 kB
Progress (4): 0.5/1.3 MB | 114/840 kB | 0/1.7 MB | 18/237 kB
Progress (4): 0.5/1.3 MB | 114/840 kB | 0/1.7 MB | 20/237 kB
Progress (4): 0.5/1.3 MB | 114/840 kB | 0/1.7 MB | 21/237 kB
Progress (4): 0.5/1.3 MB | 114/840 kB | 0/1.7 MB | 21/237 kB
Progress (4): 0.5/1.3 MB | 114/840 kB | 0/1.7 MB | 23/237 kB
Progress (4): 0.5/1.3 MB | 114/840 kB | 0/1.7 MB | 24/237 kB
Progress (4): 0.5/1.3 MB | 114/840 kB | 0/1.7 MB | 25/237 kB
Progress (4): 0.5/1.3 MB | 114/840 kB | 0/1.7 MB | 25/237 kB
Progress (4): 0.5/1.3 MB | 114/840 kB | 0/1.7 MB | 25/237 kB
Progress (4): 0.5/1.3 MB | 114/840 kB | 0/1.7 MB | 27/237 kB
Progress (4): 0.5/1.3 MB | 114/840 kB | 0/1.7 MB | 27/237 kB
Progress (4): 0.5/1.3 MB | 118/840 kB | 0/1.7 MB | 27/237 kB
Progress (5): 0.5/1.3 MB | 118/840 kB | 0/1.7 MB | 27/237 kB | 0.9/853 kB
Progress (5): 0.5/1.3 MB | 118/840 kB | 0/1.7 MB | 27/237 kB | 0.9/853 kB
Progress (5): 0.5/1.3 MB | 118/840 kB | 0/1.7 MB | 28/237 kB | 0.9/853 kB
Progress (5): 0.5/1.3 MB | 118/840 kB | 0/1.7 MB | 28/237 kB | 2.3/853 kB
Progress (5): 0.5/1.3 MB | 122/840 kB | 0/1.7 MB | 28/237 kB | 2.3/853 kB
Progress (5): 0.5/1.3 MB | 122/840 kB | 0/1.7 MB | 28/237 kB | 2.3/853 kB
Progress (5): 0.5/1.3 MB | 122/840 kB | 0/1.7 MB | 28/237 kB | 3.6/853 kB
Progress (5): 0.5/1.3 MB | 122/840 kB | 0/1.7 MB | 29/237 kB | 3.6/853 kB
Progress (5): 0.5/1.3 MB | 123/840 kB | 0/1.7 MB | 29/237 kB | 3.6/853 kB
Progress (5): 0.5/1.3 MB | 123/840 kB | 0/1.7 MB | 29/237 kB | 3.6/853 kB
Progress (5): 0.5/1.3 MB | 123/840 kB | 0/1.7 MB | 29/237 kB | 5.0/853 kB
Progress (5): 0.5/1.3 MB | 123/840 kB | 0/1.7 MB | 29/237 kB | 5.0/853 kB
Progress (5): 0.5/1.3 MB | 123/840 kB | 0/1.7 MB | 29/237 kB | 6.4/853 kB
Progress (5): 0.5/1.3 MB | 123/840 kB | 0/1.7 MB | 29/237 kB | 7.7/853 kB
Progress (5): 0.5/1.3 MB | 123/840 kB | 0/1.7 MB | 29/237 kB | 7.7/853 kB
Progress (5): 0.5/1.3 MB | 123/840 kB | 0/1.7 MB | 31/237 kB | 7.7/853 kB
Progress (5): 0.5/1.3 MB | 123/840 kB | 0/1.7 MB | 31/237 kB | 9.1/853 kB
Progress (5): 0.5/1.3 MB | 123/840 kB | 0/1.7 MB | 32/237 kB | 9.1/853 kB
Progress (5): 0.5/1.3 MB | 127/840 kB | 0/1.7 MB | 32/237 kB | 9.1/853 kB
Progress (5): 0.5/1.3 MB | 127/840 kB | 0/1.7 MB | 32/237 kB | 10/853 kB 
Progress (5): 0.5/1.3 MB | 127/840 kB | 0/1.7 MB | 33/237 kB | 10/853 kB
Progress (5): 0.5/1.3 MB | 127/840 kB | 0/1.7 MB | 33/237 kB | 12/853 kB
Progress (5): 0.5/1.3 MB | 127/840 kB | 0/1.7 MB | 35/237 kB | 12/853 kB
Progress (5): 0.5/1.3 MB | 127/840 kB | 0/1.7 MB | 35/237 kB | 12/853 kB
Progress (5): 0.5/1.3 MB | 131/840 kB | 0/1.7 MB | 35/237 kB | 12/853 kB
Progress (5): 0.5/1.3 MB | 131/840 kB | 0/1.7 MB | 35/237 kB | 12/853 kB
Progress (5): 0.5/1.3 MB | 131/840 kB | 0/1.7 MB | 36/237 kB | 12/853 kB
Progress (5): 0.5/1.3 MB | 131/840 kB | 0/1.7 MB | 36/237 kB | 12/853 kB
Progress (5): 0.5/1.3 MB | 131/840 kB | 0/1.7 MB | 36/237 kB | 13/853 kB
Progress (5): 0.5/1.3 MB | 131/840 kB | 0/1.7 MB | 38/237 kB | 13/853 kB
Progress (5): 0.5/1.3 MB | 131/840 kB | 0/1.7 MB | 38/237 kB | 13/853 kB
Progress (5): 0.5/1.3 MB | 131/840 kB | 0/1.7 MB | 39/237 kB | 13/853 kB
Progress (5): 0.5/1.3 MB | 131/840 kB | 0/1.7 MB | 39/237 kB | 13/853 kB
Progress (5): 0.5/1.3 MB | 131/840 kB | 0/1.7 MB | 39/237 kB | 15/853 kB
Progress (5): 0.5/1.3 MB | 136/840 kB | 0/1.7 MB | 39/237 kB | 15/853 kB
Progress (5): 0.5/1.3 MB | 136/840 kB | 0/1.7 MB | 39/237 kB | 16/853 kB
Progress (5): 0.5/1.3 MB | 136/840 kB | 0/1.7 MB | 39/237 kB | 17/853 kB
Progress (5): 0.5/1.3 MB | 136/840 kB | 0/1.7 MB | 39/237 kB | 17/853 kB
Progress (5): 0.5/1.3 MB | 136/840 kB | 0/1.7 MB | 39/237 kB | 17/853 kB
Progress (5): 0.5/1.3 MB | 136/840 kB | 0/1.7 MB | 39/237 kB | 17/853 kB
Progress (5): 0.5/1.3 MB | 140/840 kB | 0/1.7 MB | 39/237 kB | 17/853 kB
Progress (5): 0.5/1.3 MB | 140/840 kB | 0/1.7 MB | 39/237 kB | 19/853 kB
Progress (5): 0.5/1.3 MB | 140/840 kB | 0/1.7 MB | 40/237 kB | 19/853 kB
Progress (5): 0.5/1.3 MB | 140/840 kB | 0/1.7 MB | 42/237 kB | 19/853 kB
Progress (5): 0.5/1.3 MB | 140/840 kB | 0/1.7 MB | 42/237 kB | 20/853 kB
Progress (5): 0.5/1.3 MB | 140/840 kB | 0/1.7 MB | 42/237 kB | 20/853 kB
Progress (5): 0.5/1.3 MB | 140/840 kB | 0/1.7 MB | 43/237 kB | 20/853 kB
Progress (5): 0.5/1.3 MB | 140/840 kB | 0/1.7 MB | 43/237 kB | 20/853 kB
Progress (5): 0.5/1.3 MB | 140/840 kB | 0/1.7 MB | 43/237 kB | 20/853 kB
Progress (5): 0.5/1.3 MB | 140/840 kB | 0/1.7 MB | 43/237 kB | 21/853 kB
Progress (5): 0.5/1.3 MB | 144/840 kB | 0/1.7 MB | 43/237 kB | 21/853 kB
Progress (5): 0.5/1.3 MB | 144/840 kB | 0/1.7 MB | 43/237 kB | 23/853 kB
Progress (5): 0.5/1.3 MB | 144/840 kB | 0/1.7 MB | 43/237 kB | 23/853 kB
Progress (5): 0.5/1.3 MB | 144/840 kB | 0/1.7 MB | 44/237 kB | 23/853 kB
Progress (5): 0.5/1.3 MB | 148/840 kB | 0/1.7 MB | 44/237 kB | 23/853 kB
Progress (5): 0.5/1.3 MB | 148/840 kB | 0/1.7 MB | 46/237 kB | 23/853 kB
Progress (5): 0.5/1.3 MB | 148/840 kB | 0/1.7 MB | 46/237 kB | 23/853 kB
Progress (5): 0.5/1.3 MB | 148/840 kB | 0/1.7 MB | 46/237 kB | 24/853 kB
Progress (5): 0.5/1.3 MB | 148/840 kB | 0/1.7 MB | 46/237 kB | 24/853 kB
Progress (5): 0.5/1.3 MB | 148/840 kB | 0/1.7 MB | 47/237 kB | 24/853 kB
Progress (5): 0.5/1.3 MB | 148/840 kB | 0/1.7 MB | 47/237 kB | 26/853 kB
Progress (5): 0.5/1.3 MB | 148/840 kB | 0/1.7 MB | 47/237 kB | 26/853 kB
Progress (5): 0.5/1.3 MB | 152/840 kB | 0/1.7 MB | 47/237 kB | 26/853 kB
Progress (5): 0.5/1.3 MB | 152/840 kB | 0/1.7 MB | 47/237 kB | 27/853 kB
Progress (5): 0.5/1.3 MB | 152/840 kB | 0/1.7 MB | 47/237 kB | 27/853 kB
Progress (5): 0.5/1.3 MB | 152/840 kB | 0/1.7 MB | 47/237 kB | 27/853 kB
Progress (5): 0.5/1.3 MB | 152/840 kB | 0/1.7 MB | 47/237 kB | 27/853 kB
Progress (5): 0.5/1.3 MB | 152/840 kB | 0/1.7 MB | 49/237 kB | 27/853 kB
Progress (5): 0.5/1.3 MB | 152/840 kB | 0.1/1.7 MB | 49/237 kB | 27/853 kB
Progress (5): 0.5/1.3 MB | 152/840 kB | 0.1/1.7 MB | 50/237 kB | 27/853 kB
Progress (5): 0.5/1.3 MB | 152/840 kB | 0.1/1.7 MB | 50/237 kB | 27/853 kB
Progress (5): 0.5/1.3 MB | 152/840 kB | 0.1/1.7 MB | 51/237 kB | 27/853 kB
Progress (5): 0.5/1.3 MB | 152/840 kB | 0.1/1.7 MB | 51/237 kB | 27/853 kB
Progress (5): 0.5/1.3 MB | 152/840 kB | 0.1/1.7 MB | 53/237 kB | 27/853 kB
Progress (5): 0.5/1.3 MB | 152/840 kB | 0.1/1.7 MB | 54/237 kB | 27/853 kB
Progress (5): 0.5/1.3 MB | 152/840 kB | 0.1/1.7 MB | 54/237 kB | 28/853 kB
Progress (5): 0.5/1.3 MB | 157/840 kB | 0.1/1.7 MB | 54/237 kB | 28/853 kB
Progress (5): 0.5/1.3 MB | 157/840 kB | 0.1/1.7 MB | 55/237 kB | 28/853 kB
Progress (5): 0.5/1.3 MB | 157/840 kB | 0.1/1.7 MB | 55/237 kB | 30/853 kB
Progress (5): 0.5/1.3 MB | 161/840 kB | 0.1/1.7 MB | 55/237 kB | 30/853 kB
Progress (5): 0.5/1.3 MB | 161/840 kB | 0.1/1.7 MB | 55/237 kB | 31/853 kB
Progress (5): 0.5/1.3 MB | 161/840 kB | 0.1/1.7 MB | 60/237 kB | 31/853 kB
Progress (5): 0.5/1.3 MB | 165/840 kB | 0.1/1.7 MB | 60/237 kB | 31/853 kB
Progress (5): 0.5/1.3 MB | 165/840 kB | 0.1/1.7 MB | 60/237 kB | 32/853 kB
Progress (5): 0.5/1.3 MB | 165/840 kB | 0.1/1.7 MB | 60/237 kB | 32/853 kB
Progress (5): 0.5/1.3 MB | 165/840 kB | 0.1/1.7 MB | 60/237 kB | 32/853 kB
Progress (5): 0.5/1.3 MB | 165/840 kB | 0.1/1.7 MB | 60/237 kB | 34/853 kB
Progress (5): 0.5/1.3 MB | 165/840 kB | 0.1/1.7 MB | 60/237 kB | 34/853 kB
Progress (5): 0.5/1.3 MB | 165/840 kB | 0.1/1.7 MB | 60/237 kB | 34/853 kB
Progress (5): 0.6/1.3 MB | 165/840 kB | 0.1/1.7 MB | 60/237 kB | 34/853 kB
Progress (5): 0.6/1.3 MB | 169/840 kB | 0.1/1.7 MB | 60/237 kB | 34/853 kB
Progress (5): 0.6/1.3 MB | 169/840 kB | 0.1/1.7 MB | 64/237 kB | 34/853 kB
Progress (5): 0.6/1.3 MB | 169/840 kB | 0.1/1.7 MB | 64/237 kB | 35/853 kB
Progress (5): 0.6/1.3 MB | 174/840 kB | 0.1/1.7 MB | 64/237 kB | 35/853 kB
Progress (5): 0.6/1.3 MB | 174/840 kB | 0.1/1.7 MB | 64/237 kB | 36/853 kB
Progress (5): 0.6/1.3 MB | 178/840 kB | 0.1/1.7 MB | 64/237 kB | 36/853 kB
Progress (5): 0.6/1.3 MB | 178/840 kB | 0.1/1.7 MB | 68/237 kB | 36/853 kB
Progress (5): 0.6/1.3 MB | 178/840 kB | 0.1/1.7 MB | 68/237 kB | 36/853 kB
Progress (5): 0.6/1.3 MB | 178/840 kB | 0.1/1.7 MB | 68/237 kB | 36/853 kB
Progress (5): 0.6/1.3 MB | 178/840 kB | 0.1/1.7 MB | 68/237 kB | 36/853 kB
Progress (5): 0.6/1.3 MB | 182/840 kB | 0.1/1.7 MB | 68/237 kB | 36/853 kB
Progress (5): 0.6/1.3 MB | 182/840 kB | 0.1/1.7 MB | 68/237 kB | 36/853 kB
Progress (5): 0.6/1.3 MB | 182/840 kB | 0.1/1.7 MB | 68/237 kB | 38/853 kB
Progress (5): 0.6/1.3 MB | 182/840 kB | 0.1/1.7 MB | 68/237 kB | 39/853 kB
Progress (5): 0.6/1.3 MB | 182/840 kB | 0.1/1.7 MB | 72/237 kB | 39/853 kB
Progress (5): 0.6/1.3 MB | 182/840 kB | 0.1/1.7 MB | 72/237 kB | 41/853 kB
Progress (5): 0.6/1.3 MB | 182/840 kB | 0.1/1.7 MB | 72/237 kB | 42/853 kB
Progress (5): 0.6/1.3 MB | 182/840 kB | 0.1/1.7 MB | 72/237 kB | 42/853 kB
Progress (5): 0.6/1.3 MB | 182/840 kB | 0.1/1.7 MB | 77/237 kB | 42/853 kB
Progress (5): 0.6/1.3 MB | 186/840 kB | 0.1/1.7 MB | 77/237 kB | 42/853 kB
Progress (5): 0.6/1.3 MB | 186/840 kB | 0.1/1.7 MB | 81/237 kB | 42/853 kB
Progress (5): 0.6/1.3 MB | 186/840 kB | 0.1/1.7 MB | 81/237 kB | 43/853 kB
Progress (5): 0.6/1.3 MB | 191/840 kB | 0.1/1.7 MB | 81/237 kB | 43/853 kB
Progress (5): 0.6/1.3 MB | 191/840 kB | 0.1/1.7 MB | 81/237 kB | 43/853 kB
Progress (5): 0.6/1.3 MB | 191/840 kB | 0.1/1.7 MB | 81/237 kB | 45/853 kB
Progress (5): 0.6/1.3 MB | 191/840 kB | 0.1/1.7 MB | 81/237 kB | 45/853 kB
Progress (5): 0.6/1.3 MB | 191/840 kB | 0.1/1.7 MB | 81/237 kB | 45/853 kB
Progress (5): 0.6/1.3 MB | 191/840 kB | 0.1/1.7 MB | 81/237 kB | 45/853 kB
Progress (5): 0.6/1.3 MB | 191/840 kB | 0.1/1.7 MB | 85/237 kB | 45/853 kB
Progress (5): 0.6/1.3 MB | 191/840 kB | 0.1/1.7 MB | 85/237 kB | 46/853 kB
Progress (5): 0.6/1.3 MB | 195/840 kB | 0.1/1.7 MB | 85/237 kB | 46/853 kB
Progress (5): 0.6/1.3 MB | 195/840 kB | 0.1/1.7 MB | 85/237 kB | 46/853 kB
Progress (5): 0.6/1.3 MB | 195/840 kB | 0.1/1.7 MB | 89/237 kB | 46/853 kB
Progress (5): 0.6/1.3 MB | 195/840 kB | 0.1/1.7 MB | 89/237 kB | 47/853 kB
Progress (5): 0.6/1.3 MB | 195/840 kB | 0.1/1.7 MB | 89/237 kB | 49/853 kB
Progress (5): 0.6/1.3 MB | 195/840 kB | 0.1/1.7 MB | 93/237 kB | 49/853 kB
Progress (5): 0.6/1.3 MB | 195/840 kB | 0.1/1.7 MB | 93/237 kB | 49/853 kB
Progress (5): 0.6/1.3 MB | 199/840 kB | 0.1/1.7 MB | 93/237 kB | 49/853 kB
Progress (5): 0.6/1.3 MB | 199/840 kB | 0.1/1.7 MB | 98/237 kB | 49/853 kB
Progress (5): 0.6/1.3 MB | 203/840 kB | 0.1/1.7 MB | 98/237 kB | 49/853 kB
Progress (5): 0.6/1.3 MB | 203/840 kB | 0.1/1.7 MB | 98/237 kB | 50/853 kB
Progress (5): 0.6/1.3 MB | 203/840 kB | 0.1/1.7 MB | 98/237 kB | 50/853 kB
Progress (5): 0.6/1.3 MB | 203/840 kB | 0.1/1.7 MB | 98/237 kB | 52/853 kB
Progress (5): 0.6/1.3 MB | 203/840 kB | 0.1/1.7 MB | 98/237 kB | 52/853 kB
Progress (5): 0.6/1.3 MB | 203/840 kB | 0.1/1.7 MB | 98/237 kB | 53/853 kB
Progress (5): 0.6/1.3 MB | 203/840 kB | 0.1/1.7 MB | 98/237 kB | 53/853 kB
Progress (5): 0.6/1.3 MB | 203/840 kB | 0.1/1.7 MB | 102/237 kB | 53/853 kB
Progress (5): 0.6/1.3 MB | 207/840 kB | 0.1/1.7 MB | 102/237 kB | 53/853 kB
Progress (5): 0.6/1.3 MB | 212/840 kB | 0.1/1.7 MB | 102/237 kB | 53/853 kB
Progress (5): 0.6/1.3 MB | 212/840 kB | 0.1/1.7 MB | 106/237 kB | 53/853 kB
Progress (5): 0.6/1.3 MB | 212/840 kB | 0.1/1.7 MB | 106/237 kB | 54/853 kB
Progress (5): 0.6/1.3 MB | 212/840 kB | 0.1/1.7 MB | 106/237 kB | 56/853 kB
Progress (5): 0.6/1.3 MB | 212/840 kB | 0.1/1.7 MB | 106/237 kB | 56/853 kB
Progress (5): 0.6/1.3 MB | 212/840 kB | 0.1/1.7 MB | 106/237 kB | 60/853 kB
Progress (5): 0.6/1.3 MB | 212/840 kB | 0.1/1.7 MB | 106/237 kB | 60/853 kB
Progress (5): 0.6/1.3 MB | 212/840 kB | 0.1/1.7 MB | 106/237 kB | 64/853 kB
Progress (5): 0.6/1.3 MB | 212/840 kB | 0.1/1.7 MB | 106/237 kB | 66/853 kB
Progress (5): 0.6/1.3 MB | 212/840 kB | 0.1/1.7 MB | 106/237 kB | 66/853 kB
Progress (5): 0.6/1.3 MB | 212/840 kB | 0.1/1.7 MB | 106/237 kB | 70/853 kB
Progress (5): 0.6/1.3 MB | 212/840 kB | 0.1/1.7 MB | 110/237 kB | 70/853 kB
Progress (5): 0.6/1.3 MB | 216/840 kB | 0.1/1.7 MB | 110/237 kB | 70/853 kB
Progress (5): 0.6/1.3 MB | 220/840 kB | 0.1/1.7 MB | 110/237 kB | 70/853 kB
Progress (5): 0.6/1.3 MB | 220/840 kB | 0.1/1.7 MB | 115/237 kB | 70/853 kB
Progress (5): 0.6/1.3 MB | 220/840 kB | 0.1/1.7 MB | 115/237 kB | 70/853 kB
Progress (5): 0.6/1.3 MB | 220/840 kB | 0.1/1.7 MB | 115/237 kB | 74/853 kB
Progress (5): 0.7/1.3 MB | 220/840 kB | 0.1/1.7 MB | 115/237 kB | 74/853 kB
Progress (5): 0.7/1.3 MB | 220/840 kB | 0.1/1.7 MB | 115/237 kB | 78/853 kB
Progress (5): 0.7/1.3 MB | 220/840 kB | 0.1/1.7 MB | 115/237 kB | 78/853 kB
Progress (5): 0.7/1.3 MB | 220/840 kB | 0.1/1.7 MB | 115/237 kB | 78/853 kB
Progress (5): 0.7/1.3 MB | 220/840 kB | 0.1/1.7 MB | 115/237 kB | 78/853 kB
Progress (5): 0.7/1.3 MB | 220/840 kB | 0.1/1.7 MB | 119/237 kB | 78/853 kB
Progress (5): 0.7/1.3 MB | 237/840 kB | 0.1/1.7 MB | 119/237 kB | 78/853 kB
Progress (5): 0.7/1.3 MB | 237/840 kB | 0.1/1.7 MB | 119/237 kB | 82/853 kB
Progress (5): 0.7/1.3 MB | 237/840 kB | 0.1/1.7 MB | 123/237 kB | 82/853 kB
Progress (5): 0.7/1.3 MB | 237/840 kB | 0.1/1.7 MB | 123/237 kB | 82/853 kB
Progress (5): 0.7/1.3 MB | 237/840 kB | 0.1/1.7 MB | 123/237 kB | 87/853 kB
Progress (5): 0.7/1.3 MB | 237/840 kB | 0.1/1.7 MB | 127/237 kB | 87/853 kB
Progress (5): 0.7/1.3 MB | 237/840 kB | 0.1/1.7 MB | 127/237 kB | 91/853 kB
Progress (5): 0.7/1.3 MB | 237/840 kB | 0.1/1.7 MB | 127/237 kB | 91/853 kB
Progress (5): 0.7/1.3 MB | 253/840 kB | 0.1/1.7 MB | 127/237 kB | 91/853 kB
Progress (5): 0.7/1.3 MB | 253/840 kB | 0.1/1.7 MB | 127/237 kB | 91/853 kB
Progress (5): 0.7/1.3 MB | 254/840 kB | 0.1/1.7 MB | 127/237 kB | 91/853 kB
Progress (5): 0.7/1.3 MB | 254/840 kB | 0.1/1.7 MB | 131/237 kB | 91/853 kB
Progress (5): 0.7/1.3 MB | 254/840 kB | 0.1/1.7 MB | 131/237 kB | 91/853 kB
Progress (5): 0.7/1.3 MB | 254/840 kB | 0.1/1.7 MB | 131/237 kB | 95/853 kB
Progress (5): 0.7/1.3 MB | 254/840 kB | 0.1/1.7 MB | 131/237 kB | 95/853 kB
Progress (5): 0.7/1.3 MB | 254/840 kB | 0.1/1.7 MB | 136/237 kB | 95/853 kB
Progress (5): 0.7/1.3 MB | 254/840 kB | 0.1/1.7 MB | 136/237 kB | 99/853 kB
Progress (5): 0.7/1.3 MB | 254/840 kB | 0.1/1.7 MB | 136/237 kB | 99/853 kB
Progress (5): 0.7/1.3 MB | 254/840 kB | 0.1/1.7 MB | 136/237 kB | 99/853 kB
Progress (5): 0.7/1.3 MB | 270/840 kB | 0.1/1.7 MB | 136/237 kB | 99/853 kB
Progress (5): 0.7/1.3 MB | 270/840 kB | 0.1/1.7 MB | 140/237 kB | 99/853 kB
Progress (5): 0.7/1.3 MB | 270/840 kB | 0.1/1.7 MB | 140/237 kB | 99/853 kB
Progress (5): 0.7/1.3 MB | 270/840 kB | 0.1/1.7 MB | 140/237 kB | 104/853 kB
Progress (5): 0.7/1.3 MB | 270/840 kB | 0.2/1.7 MB | 140/237 kB | 104/853 kB
Progress (5): 0.7/1.3 MB | 270/840 kB | 0.2/1.7 MB | 140/237 kB | 104/853 kB
Progress (5): 0.7/1.3 MB | 270/840 kB | 0.2/1.7 MB | 140/237 kB | 108/853 kB
Progress (5): 0.7/1.3 MB | 270/840 kB | 0.2/1.7 MB | 143/237 kB | 108/853 kB
Progress (5): 0.7/1.3 MB | 270/840 kB | 0.2/1.7 MB | 143/237 kB | 108/853 kB
Progress (5): 0.7/1.3 MB | 270/840 kB | 0.2/1.7 MB | 143/237 kB | 112/853 kB
Progress (5): 0.7/1.3 MB | 270/840 kB | 0.2/1.7 MB | 147/237 kB | 112/853 kB
Progress (5): 0.7/1.3 MB | 270/840 kB | 0.2/1.7 MB | 147/237 kB | 112/853 kB
Progress (5): 0.7/1.3 MB | 270/840 kB | 0.2/1.7 MB | 151/237 kB | 112/853 kB
Progress (5): 0.7/1.3 MB | 287/840 kB | 0.2/1.7 MB | 151/237 kB | 112/853 kB
Progress (5): 0.7/1.3 MB | 287/840 kB | 0.2/1.7 MB | 155/237 kB | 112/853 kB
Progress (5): 0.7/1.3 MB | 287/840 kB | 0.2/1.7 MB | 155/237 kB | 116/853 kB
Progress (5): 0.7/1.3 MB | 287/840 kB | 0.2/1.7 MB | 155/237 kB | 121/853 kB
Progress (5): 0.7/1.3 MB | 287/840 kB | 0.2/1.7 MB | 155/237 kB | 121/853 kB
Progress (5): 0.7/1.3 MB | 287/840 kB | 0.2/1.7 MB | 155/237 kB | 121/853 kB
Progress (5): 0.7/1.3 MB | 303/840 kB | 0.2/1.7 MB | 155/237 kB | 121/853 kB
Progress (5): 0.7/1.3 MB | 303/840 kB | 0.2/1.7 MB | 155/237 kB | 121/853 kB
Progress (5): 0.7/1.3 MB | 303/840 kB | 0.2/1.7 MB | 160/237 kB | 121/853 kB
Progress (5): 0.7/1.3 MB | 303/840 kB | 0.2/1.7 MB | 164/237 kB | 121/853 kB
Progress (5): 0.7/1.3 MB | 303/840 kB | 0.2/1.7 MB | 164/237 kB | 121/853 kB
Progress (5): 0.7/1.3 MB | 303/840 kB | 0.2/1.7 MB | 168/237 kB | 121/853 kB
Progress (5): 0.7/1.3 MB | 303/840 kB | 0.2/1.7 MB | 172/237 kB | 121/853 kB
Progress (5): 0.8/1.3 MB | 303/840 kB | 0.2/1.7 MB | 172/237 kB | 121/853 kB
Progress (5): 0.8/1.3 MB | 303/840 kB | 0.2/1.7 MB | 172/237 kB | 125/853 kB
Progress (5): 0.8/1.3 MB | 303/840 kB | 0.2/1.7 MB | 172/237 kB | 125/853 kB
Progress (5): 0.8/1.3 MB | 303/840 kB | 0.2/1.7 MB | 172/237 kB | 125/853 kB
Progress (5): 0.8/1.3 MB | 303/840 kB | 0.2/1.7 MB | 172/237 kB | 129/853 kB
Progress (5): 0.8/1.3 MB | 319/840 kB | 0.2/1.7 MB | 172/237 kB | 129/853 kB
Progress (5): 0.8/1.3 MB | 319/840 kB | 0.2/1.7 MB | 176/237 kB | 129/853 kB
Progress (5): 0.8/1.3 MB | 319/840 kB | 0.2/1.7 MB | 176/237 kB | 129/853 kB
Progress (5): 0.8/1.3 MB | 319/840 kB | 0.2/1.7 MB | 176/237 kB | 133/853 kB
Progress (5): 0.8/1.3 MB | 319/840 kB | 0.2/1.7 MB | 176/237 kB | 137/853 kB
Progress (5): 0.8/1.3 MB | 319/840 kB | 0.2/1.7 MB | 176/237 kB | 137/853 kB
Progress (5): 0.8/1.3 MB | 319/840 kB | 0.2/1.7 MB | 181/237 kB | 137/853 kB
Progress (5): 0.8/1.3 MB | 319/840 kB | 0.2/1.7 MB | 181/237 kB | 137/853 kB
Progress (5): 0.8/1.3 MB | 319/840 kB | 0.2/1.7 MB | 185/237 kB | 137/853 kB
Progress (5): 0.8/1.3 MB | 319/840 kB | 0.2/1.7 MB | 189/237 kB | 137/853 kB
Progress (5): 0.8/1.3 MB | 319/840 kB | 0.2/1.7 MB | 189/237 kB | 142/853 kB
Progress (5): 0.8/1.3 MB | 336/840 kB | 0.2/1.7 MB | 189/237 kB | 142/853 kB
Progress (5): 0.8/1.3 MB | 336/840 kB | 0.2/1.7 MB | 189/237 kB | 146/853 kB
Progress (5): 0.8/1.3 MB | 336/840 kB | 0.2/1.7 MB | 189/237 kB | 146/853 kB
Progress (5): 0.8/1.3 MB | 336/840 kB | 0.2/1.7 MB | 189/237 kB | 150/853 kB
Progress (5): 0.8/1.3 MB | 336/840 kB | 0.2/1.7 MB | 193/237 kB | 150/853 kB
Progress (5): 0.8/1.3 MB | 336/840 kB | 0.2/1.7 MB | 193/237 kB | 150/853 kB
Progress (5): 0.8/1.3 MB | 336/840 kB | 0.2/1.7 MB | 193/237 kB | 150/853 kB
Progress (5): 0.8/1.3 MB | 336/840 kB | 0.2/1.7 MB | 198/237 kB | 150/853 kB
Progress (5): 0.8/1.3 MB | 336/840 kB | 0.2/1.7 MB | 202/237 kB | 150/853 kB
Progress (5): 0.8/1.3 MB | 336/840 kB | 0.2/1.7 MB | 202/237 kB | 150/853 kB
Progress (5): 0.8/1.3 MB | 336/840 kB | 0.2/1.7 MB | 202/237 kB | 150/853 kB
Progress (5): 0.8/1.3 MB | 336/840 kB | 0.2/1.7 MB | 206/237 kB | 150/853 kB
Progress (5): 0.8/1.3 MB | 336/840 kB | 0.2/1.7 MB | 206/237 kB | 154/853 kB
Progress (5): 0.8/1.3 MB | 336/840 kB | 0.2/1.7 MB | 210/237 kB | 154/853 kB
Progress (5): 0.8/1.3 MB | 336/840 kB | 0.2/1.7 MB | 210/237 kB | 154/853 kB
Progress (5): 0.8/1.3 MB | 336/840 kB | 0.2/1.7 MB | 215/237 kB | 154/853 kB
Progress (5): 0.8/1.3 MB | 336/840 kB | 0.2/1.7 MB | 215/237 kB | 154/853 kB
Progress (5): 0.8/1.3 MB | 336/840 kB | 0.2/1.7 MB | 215/237 kB | 159/853 kB
Progress (5): 0.8/1.3 MB | 336/840 kB | 0.2/1.7 MB | 219/237 kB | 159/853 kB
Progress (5): 0.8/1.3 MB | 352/840 kB | 0.2/1.7 MB | 219/237 kB | 159/853 kB
Progress (5): 0.8/1.3 MB | 352/840 kB | 0.2/1.7 MB | 223/237 kB | 159/853 kB
Progress (5): 0.8/1.3 MB | 352/840 kB | 0.2/1.7 MB | 223/237 kB | 163/853 kB
Progress (5): 0.8/1.3 MB | 352/840 kB | 0.2/1.7 MB | 223/237 kB | 163/853 kB
Progress (5): 0.8/1.3 MB | 352/840 kB | 0.2/1.7 MB | 223/237 kB | 163/853 kB
Progress (5): 0.8/1.3 MB | 352/840 kB | 0.2/1.7 MB | 223/237 kB | 167/853 kB
Progress (5): 0.8/1.3 MB | 352/840 kB | 0.2/1.7 MB | 223/237 kB | 167/853 kB
Progress (5): 0.9/1.3 MB | 352/840 kB | 0.2/1.7 MB | 223/237 kB | 167/853 kB
Progress (5): 0.9/1.3 MB | 352/840 kB | 0.2/1.7 MB | 237 kB | 167/853 kB    
Progress (5): 0.9/1.3 MB | 352/840 kB | 0.2/1.7 MB | 237 kB | 167/853 kB
Progress (5): 0.9/1.3 MB | 352/840 kB | 0.2/1.7 MB | 237 kB | 167/853 kB
Progress (5): 0.9/1.3 MB | 352/840 kB | 0.2/1.7 MB | 237 kB | 167/853 kB
Progress (5): 0.9/1.3 MB | 352/840 kB | 0.2/1.7 MB | 237 kB | 167/853 kB
Progress (5): 0.9/1.3 MB | 369/840 kB | 0.2/1.7 MB | 237 kB | 167/853 kB
Progress (5): 0.9/1.3 MB | 369/840 kB | 0.2/1.7 MB | 237 kB | 171/853 kB
Progress (5): 0.9/1.3 MB | 369/840 kB | 0.2/1.7 MB | 237 kB | 171/853 kB
Progress (5): 0.9/1.3 MB | 369/840 kB | 0.2/1.7 MB | 237 kB | 175/853 kB
Progress (5): 0.9/1.3 MB | 369/840 kB | 0.2/1.7 MB | 237 kB | 175/853 kB
Progress (5): 0.9/1.3 MB | 369/840 kB | 0.3/1.7 MB | 237 kB | 175/853 kB
Progress (5): 0.9/1.3 MB | 385/840 kB | 0.3/1.7 MB | 237 kB | 175/853 kB
Progress (5): 0.9/1.3 MB | 385/840 kB | 0.3/1.7 MB | 237 kB | 180/853 kB
Progress (5): 0.9/1.3 MB | 385/840 kB | 0.3/1.7 MB | 237 kB | 184/853 kB
Progress (5): 0.9/1.3 MB | 385/840 kB | 0.3/1.7 MB | 237 kB | 188/853 kB
Progress (5): 0.9/1.3 MB | 401/840 kB | 0.3/1.7 MB | 237 kB | 188/853 kB
Progress (5): 0.9/1.3 MB | 401/840 kB | 0.3/1.7 MB | 237 kB | 192/853 kB
Progress (5): 0.9/1.3 MB | 401/840 kB | 0.3/1.7 MB | 237 kB | 197/853 kB
Progress (5): 0.9/1.3 MB | 401/840 kB | 0.3/1.7 MB | 237 kB | 197/853 kB
Progress (5): 0.9/1.3 MB | 401/840 kB | 0.3/1.7 MB | 237 kB | 201/853 kB
Progress (5): 0.9/1.3 MB | 418/840 kB | 0.3/1.7 MB | 237 kB | 201/853 kB
Progress (5): 0.9/1.3 MB | 418/840 kB | 0.3/1.7 MB | 237 kB | 205/853 kB
Progress (5): 0.9/1.3 MB | 418/840 kB | 0.3/1.7 MB | 237 kB | 205/853 kB
Progress (5): 0.9/1.3 MB | 418/840 kB | 0.3/1.7 MB | 237 kB | 209/853 kB
Progress (5): 0.9/1.3 MB | 434/840 kB | 0.3/1.7 MB | 237 kB | 209/853 kB
Progress (5): 0.9/1.3 MB | 434/840 kB | 0.3/1.7 MB | 237 kB | 214/853 kB
Progress (5): 0.9/1.3 MB | 434/840 kB | 0.3/1.7 MB | 237 kB | 214/853 kB
Progress (5): 0.9/1.3 MB | 434/840 kB | 0.3/1.7 MB | 237 kB | 218/853 kB
Progress (5): 0.9/1.3 MB | 451/840 kB | 0.3/1.7 MB | 237 kB | 218/853 kB
Progress (5): 0.9/1.3 MB | 451/840 kB | 0.3/1.7 MB | 237 kB | 222/853 kB
Progress (5): 0.9/1.3 MB | 451/840 kB | 0.3/1.7 MB | 237 kB | 222/853 kB
Progress (5): 0.9/1.3 MB | 451/840 kB | 0.3/1.7 MB | 237 kB | 222/853 kB
Progress (5): 0.9/1.3 MB | 467/840 kB | 0.3/1.7 MB | 237 kB | 222/853 kB
Progress (5): 0.9/1.3 MB | 467/840 kB | 0.3/1.7 MB | 237 kB | 233/853 kB
Progress (5): 0.9/1.3 MB | 467/840 kB | 0.3/1.7 MB | 237 kB | 233/853 kB
Progress (5): 0.9/1.3 MB | 467/840 kB | 0.3/1.7 MB | 237 kB | 238/853 kB
Progress (5): 0.9/1.3 MB | 467/840 kB | 0.3/1.7 MB | 237 kB | 238/853 kB
Progress (5): 0.9/1.3 MB | 483/840 kB | 0.3/1.7 MB | 237 kB | 238/853 kB
Progress (5): 0.9/1.3 MB | 483/840 kB | 0.3/1.7 MB | 237 kB | 238/853 kB
Progress (5): 1.0/1.3 MB | 483/840 kB | 0.3/1.7 MB | 237 kB | 238/853 kB
Progress (5): 1.0/1.3 MB | 500/840 kB | 0.3/1.7 MB | 237 kB | 238/853 kB
Progress (5): 1.0/1.3 MB | 500/840 kB | 0.3/1.7 MB | 237 kB | 255/853 kB
Progress (5): 1.0/1.3 MB | 516/840 kB | 0.3/1.7 MB | 237 kB | 255/853 kB
Progress (5): 1.0/1.3 MB | 516/840 kB | 0.3/1.7 MB | 237 kB | 255/853 kB
Progress (5): 1.0/1.3 MB | 516/840 kB | 0.4/1.7 MB | 237 kB | 255/853 kB
Progress (5): 1.0/1.3 MB | 516/840 kB | 0.4/1.7 MB | 237 kB | 255/853 kB
Progress (5): 1.0/1.3 MB | 516/840 kB | 0.4/1.7 MB | 237 kB | 271/853 kB
Progress (5): 1.0/1.3 MB | 532/840 kB | 0.4/1.7 MB | 237 kB | 271/853 kB
Progress (5): 1.0/1.3 MB | 532/840 kB | 0.4/1.7 MB | 237 kB | 271/853 kB
Progress (5): 1.0/1.3 MB | 532/840 kB | 0.4/1.7 MB | 237 kB | 271/853 kB
Progress (5): 1.0/1.3 MB | 549/840 kB | 0.4/1.7 MB | 237 kB | 271/853 kB
Progress (5): 1.0/1.3 MB | 549/840 kB | 0.4/1.7 MB | 237 kB | 271/853 kB
Progress (5): 1.0/1.3 MB | 549/840 kB | 0.4/1.7 MB | 237 kB | 288/853 kB
Progress (5): 1.0/1.3 MB | 549/840 kB | 0.4/1.7 MB | 237 kB | 288/853 kB
Progress (5): 1.0/1.3 MB | 565/840 kB | 0.4/1.7 MB | 237 kB | 288/853 kB
Progress (5): 1.0/1.3 MB | 565/840 kB | 0.4/1.7 MB | 237 kB | 288/853 kB
Progress (5): 1.1/1.3 MB | 565/840 kB | 0.4/1.7 MB | 237 kB | 288/853 kB
Progress (5): 1.1/1.3 MB | 582/840 kB | 0.4/1.7 MB | 237 kB | 288/853 kB
Progress (5): 1.1/1.3 MB | 582/840 kB | 0.4/1.7 MB | 237 kB | 304/853 kB
Progress (5): 1.1/1.3 MB | 582/840 kB | 0.4/1.7 MB | 237 kB | 304/853 kB
Progress (5): 1.1/1.3 MB | 598/840 kB | 0.4/1.7 MB | 237 kB | 304/853 kB
Progress (5): 1.1/1.3 MB | 598/840 kB | 0.4/1.7 MB | 237 kB | 320/853 kB
Progress (5): 1.1/1.3 MB | 598/840 kB | 0.4/1.7 MB | 237 kB | 320/853 kB
Progress (5): 1.1/1.3 MB | 598/840 kB | 0.4/1.7 MB | 237 kB | 320/853 kB
Progress (5): 1.1/1.3 MB | 598/840 kB | 0.4/1.7 MB | 237 kB | 320/853 kB
Progress (5): 1.1/1.3 MB | 598/840 kB | 0.4/1.7 MB | 237 kB | 337/853 kB
Progress (5): 1.1/1.3 MB | 598/840 kB | 0.4/1.7 MB | 237 kB | 337/853 kB
Progress (5): 1.1/1.3 MB | 598/840 kB | 0.4/1.7 MB | 237 kB | 337/853 kB
Progress (5): 1.1/1.3 MB | 598/840 kB | 0.4/1.7 MB | 237 kB | 353/853 kB
Progress (5): 1.1/1.3 MB | 598/840 kB | 0.4/1.7 MB | 237 kB | 353/853 kB
Progress (5): 1.1/1.3 MB | 598/840 kB | 0.4/1.7 MB | 237 kB | 364/853 kB
Progress (5): 1.1/1.3 MB | 598/840 kB | 0.5/1.7 MB | 237 kB | 364/853 kB
Progress (5): 1.1/1.3 MB | 598/840 kB | 0.5/1.7 MB | 237 kB | 380/853 kB
Progress (5): 1.1/1.3 MB | 598/840 kB | 0.5/1.7 MB | 237 kB | 380/853 kB
Progress (5): 1.1/1.3 MB | 598/840 kB | 0.5/1.7 MB | 237 kB | 380/853 kB
Progress (5): 1.1/1.3 MB | 614/840 kB | 0.5/1.7 MB | 237 kB | 380/853 kB
Progress (5): 1.2/1.3 MB | 614/840 kB | 0.5/1.7 MB | 237 kB | 380/853 kB
Progress (5): 1.2/1.3 MB | 614/840 kB | 0.5/1.7 MB | 237 kB | 396/853 kB
Progress (5): 1.2/1.3 MB | 614/840 kB | 0.5/1.7 MB | 237 kB | 413/853 kB
Progress (5): 1.2/1.3 MB | 614/840 kB | 0.5/1.7 MB | 237 kB | 413/853 kB
Progress (5): 1.2/1.3 MB | 614/840 kB | 0.5/1.7 MB | 237 kB | 413/853 kB
Progress (5): 1.2/1.3 MB | 631/840 kB | 0.5/1.7 MB | 237 kB | 413/853 kB
Progress (5): 1.2/1.3 MB | 631/840 kB | 0.5/1.7 MB | 237 kB | 413/853 kB
Progress (5): 1.2/1.3 MB | 631/840 kB | 0.5/1.7 MB | 237 kB | 413/853 kB
Progress (5): 1.2/1.3 MB | 631/840 kB | 0.5/1.7 MB | 237 kB | 413/853 kB
Progress (5): 1.2/1.3 MB | 631/840 kB | 0.5/1.7 MB | 237 kB | 429/853 kB
Progress (5): 1.2/1.3 MB | 647/840 kB | 0.5/1.7 MB | 237 kB | 429/853 kB
Progress (5): 1.2/1.3 MB | 647/840 kB | 0.5/1.7 MB | 237 kB | 446/853 kB
Progress (5): 1.2/1.3 MB | 647/840 kB | 0.5/1.7 MB | 237 kB | 446/853 kB
Progress (5): 1.2/1.3 MB | 664/840 kB | 0.5/1.7 MB | 237 kB | 446/853 kB
Progress (5): 1.2/1.3 MB | 664/840 kB | 0.5/1.7 MB | 237 kB | 446/853 kB
Progress (5): 1.2/1.3 MB | 680/840 kB | 0.5/1.7 MB | 237 kB | 446/853 kB
Progress (5): 1.2/1.3 MB | 680/840 kB | 0.5/1.7 MB | 237 kB | 462/853 kB
Progress (5): 1.2/1.3 MB | 680/840 kB | 0.5/1.7 MB | 237 kB | 462/853 kB
Progress (5): 1.2/1.3 MB | 680/840 kB | 0.5/1.7 MB | 237 kB | 462/853 kB
Progress (5): 1.2/1.3 MB | 692/840 kB | 0.5/1.7 MB | 237 kB | 462/853 kB
Progress (5): 1.2/1.3 MB | 692/840 kB | 0.5/1.7 MB | 237 kB | 478/853 kB
Progress (5): 1.2/1.3 MB | 692/840 kB | 0.5/1.7 MB | 237 kB | 478/853 kB
Progress (5): 1.3/1.3 MB | 692/840 kB | 0.5/1.7 MB | 237 kB | 478/853 kB
Progress (5): 1.3/1.3 MB | 692/840 kB | 0.5/1.7 MB | 237 kB | 495/853 kB
                                                                        
Downloaded from central: https://repo.maven.apache.org/maven2/org/apache/httpcomponents/core5/httpcore5-h2/5.2/httpcore5-h2-5.2.jar (237 kB at 489 kB/s)
Downloading from central: https://repo.maven.apache.org/maven2/org/springframework/boot/spring-boot-loader-tools/3.1.4/spring-boot-loader-tools-3.1.4.jar
Progress (4): 1.3/1.3 MB | 708/840 kB | 0.5/1.7 MB | 495/853 kB
Progress (4): 1.3/1.3 MB | 708/840 kB | 0.6/1.7 MB | 495/853 kB
Progress (4): 1.3/1.3 MB | 708/840 kB | 0.6/1.7 MB | 495/853 kB
Progress (4): 1.3/1.3 MB | 708/840 kB | 0.6/1.7 MB | 511/853 kB
Progress (4): 1.3/1.3 MB | 725/840 kB | 0.6/1.7 MB | 511/853 kB
Progress (4): 1.3/1.3 MB | 725/840 kB | 0.6/1.7 MB | 511/853 kB
Progress (4): 1.3/1.3 MB | 725/840 kB | 0.6/1.7 MB | 511/853 kB
Progress (4): 1.3/1.3 MB | 741/840 kB | 0.6/1.7 MB | 511/853 kB
Progress (4): 1.3/1.3 MB | 741/840 kB | 0.6/1.7 MB | 511/853 kB
Progress (4): 1.3/1.3 MB | 741/840 kB | 0.6/1.7 MB | 511/853 kB
Progress (4): 1.3/1.3 MB | 741/840 kB | 0.6/1.7 MB | 527/853 kB
Progress (4): 1.3/1.3 MB | 757/840 kB | 0.6/1.7 MB | 527/853 kB
Progress (4): 1.3/1.3 MB | 757/840 kB | 0.6/1.7 MB | 527/853 kB
Progress (4): 1.3/1.3 MB | 757/840 kB | 0.6/1.7 MB | 527/853 kB
Progress (4): 1.3/1.3 MB | 757/840 kB | 0.6/1.7 MB | 527/853 kB
Progress (4): 1.3/1.3 MB | 757/840 kB | 0.6/1.7 MB | 544/853 kB
Progress (4): 1.3/1.3 MB | 757/840 kB | 0.6/1.7 MB | 544/853 kB
Progress (4): 1.3 MB | 757/840 kB | 0.6/1.7 MB | 544/853 kB    
Progress (4): 1.3 MB | 774/840 kB | 0.6/1.7 MB | 544/853 kB
Progress (4): 1.3 MB | 774/840 kB | 0.6/1.7 MB | 560/853 kB
Progress (4): 1.3 MB | 774/840 kB | 0.6/1.7 MB | 560/853 kB
Progress (4): 1.3 MB | 774/840 kB | 0.6/1.7 MB | 577/853 kB
Progress (4): 1.3 MB | 790/840 kB | 0.6/1.7 MB | 577/853 kB
Progress (4): 1.3 MB | 790/840 kB | 0.6/1.7 MB | 593/853 kB
Progress (4): 1.3 MB | 790/840 kB | 0.7/1.7 MB | 593/853 kB
Progress (4): 1.3 MB | 807/840 kB | 0.7/1.7 MB | 593/853 kB
Progress (4): 1.3 MB | 807/840 kB | 0.7/1.7 MB | 609/853 kB
Progress (4): 1.3 MB | 807/840 kB | 0.7/1.7 MB | 609/853 kB
Progress (4): 1.3 MB | 823/840 kB | 0.7/1.7 MB | 609/853 kB
Progress (4): 1.3 MB | 823/840 kB | 0.7/1.7 MB | 626/853 kB
Progress (4): 1.3 MB | 823/840 kB | 0.7/1.7 MB | 626/853 kB
Progress (4): 1.3 MB | 839/840 kB | 0.7/1.7 MB | 626/853 kB
Progress (4): 1.3 MB | 840 kB | 0.7/1.7 MB | 626/853 kB    
Progress (4): 1.3 MB | 840 kB | 0.7/1.7 MB | 642/853 kB
Progress (4): 1.3 MB | 840 kB | 0.7/1.7 MB | 642/853 kB
Progress (4): 1.3 MB | 840 kB | 0.7/1.7 MB | 658/853 kB
Progress (4): 1.3 MB | 840 kB | 0.7/1.7 MB | 658/853 kB
Progress (4): 1.3 MB | 840 kB | 0.7/1.7 MB | 675/853 kB
Progress (4): 1.3 MB | 840 kB | 0.7/1.7 MB | 675/853 kB
Progress (4): 1.3 MB | 840 kB | 0.7/1.7 MB | 691/853 kB
Progress (4): 1.3 MB | 840 kB | 0.8/1.7 MB | 691/853 kB
Progress (4): 1.3 MB | 840 kB | 0.8/1.7 MB | 708/853 kB
Progress (4): 1.3 MB | 840 kB | 0.8/1.7 MB | 708/853 kB
Progress (4): 1.3 MB | 840 kB | 0.8/1.7 MB | 724/853 kB
Progress (4): 1.3 MB | 840 kB | 0.8/1.7 MB | 724/853 kB
Progress (4): 1.3 MB | 840 kB | 0.8/1.7 MB | 740/853 kB
Progress (4): 1.3 MB | 840 kB | 0.8/1.7 MB | 740/853 kB
Progress (4): 1.3 MB | 840 kB | 0.8/1.7 MB | 757/853 kB
Progress (4): 1.3 MB | 840 kB | 0.8/1.7 MB | 773/853 kB
Progress (4): 1.3 MB | 840 kB | 0.8/1.7 MB | 773/853 kB
Progress (4): 1.3 MB | 840 kB | 0.8/1.7 MB | 790/853 kB
Progress (4): 1.3 MB | 840 kB | 0.8/1.7 MB | 790/853 kB
Progress (4): 1.3 MB | 840 kB | 0.8/1.7 MB | 806/853 kB
Progress (4): 1.3 MB | 840 kB | 0.9/1.7 MB | 806/853 kB
Progress (4): 1.3 MB | 840 kB | 0.9/1.7 MB | 806/853 kB
Progress (4): 1.3 MB | 840 kB | 0.9/1.7 MB | 822/853 kB
Progress (4): 1.3 MB | 840 kB | 0.9/1.7 MB | 839/853 kB
Progress (4): 1.3 MB | 840 kB | 0.9/1.7 MB | 839/853 kB
Progress (4): 1.3 MB | 840 kB | 0.9/1.7 MB | 853 kB    
Progress (4): 1.3 MB | 840 kB | 0.9/1.7 MB | 853 kB
Progress (4): 1.3 MB | 840 kB | 0.9/1.7 MB | 853 kB
Progress (4): 1.3 MB | 840 kB | 0.9/1.7 MB | 853 kB
Progress (4): 1.3 MB | 840 kB | 1.0/1.7 MB | 853 kB
Progress (4): 1.3 MB | 840 kB | 1.0/1.7 MB | 853 kB
Progress (4): 1.3 MB | 840 kB | 1.0/1.7 MB | 853 kB
Progress (4): 1.3 MB | 840 kB | 1.0/1.7 MB | 853 kB
Progress (4): 1.3 MB | 840 kB | 1.0/1.7 MB | 853 kB
Progress (4): 1.3 MB | 840 kB | 1.0/1.7 MB | 853 kB
                                                   
Downloaded from central: https://repo.maven.apache.org/maven2/org/apache/httpcomponents/client5/httpclient5/5.2.1/httpclient5-5.2.1.jar (840 kB at 1.6 MB/s)
Downloading from central: https://repo.maven.apache.org/maven2/org/apache/maven/plugins/maven-shade-plugin/3.2.4/maven-shade-plugin-3.2.4.jar
Progress (3): 1.3 MB | 1.1/1.7 MB | 853 kB
Progress (3): 1.3 MB | 1.1/1.7 MB | 853 kB
Progress (3): 1.3 MB | 1.1/1.7 MB | 853 kB
Progress (3): 1.3 MB | 1.1/1.7 MB | 853 kB
                                          
Downloaded from central: https://repo.maven.apache.org/maven2/net/java/dev/jna/jna-platform/5.7.0/jna-platform-5.7.0.jar (1.3 MB at 2.5 MB/s)
Downloading from central: https://repo.maven.apache.org/maven2/org/apache/maven/maven-settings/3.0/maven-settings-3.0.jar
Progress (2): 1.1/1.7 MB | 853 kB
Progress (2): 1.1/1.7 MB | 853 kB
Progress (2): 1.2/1.7 MB | 853 kB
Progress (2): 1.2/1.7 MB | 853 kB
Progress (2): 1.2/1.7 MB | 853 kB
Progress (2): 1.2/1.7 MB | 853 kB
Progress (2): 1.2/1.7 MB | 853 kB
Progress (2): 1.2/1.7 MB | 853 kB
                                 
Downloaded from central: https://repo.maven.apache.org/maven2/org/apache/httpcomponents/core5/httpcore5/5.2/httpcore5-5.2.jar (853 kB at 1.6 MB/s)
Progress (1): 1.3/1.7 MB
                        
Downloading from central: https://repo.maven.apache.org/maven2/org/codehaus/plexus/plexus-interpolation/1.14/plexus-interpolation-1.14.jar
Progress (1): 1.3/1.7 MB
Progress (2): 1.3/1.7 MB | 8.2/251 kB
Progress (2): 1.3/1.7 MB | 8.2/251 kB
Progress (2): 1.3/1.7 MB | 25/251 kB 
Progress (2): 1.3/1.7 MB | 25/251 kB
Progress (2): 1.3/1.7 MB | 41/251 kB
Progress (2): 1.3/1.7 MB | 41/251 kB
Progress (2): 1.3/1.7 MB | 57/251 kB
Progress (2): 1.3/1.7 MB | 57/251 kB
Progress (2): 1.4/1.7 MB | 57/251 kB
Progress (2): 1.4/1.7 MB | 74/251 kB
Progress (2): 1.4/1.7 MB | 74/251 kB
Progress (2): 1.4/1.7 MB | 90/251 kB
Progress (2): 1.4/1.7 MB | 94/251 kB
Progress (2): 1.4/1.7 MB | 94/251 kB
Progress (2): 1.4/1.7 MB | 110/251 kB
Progress (2): 1.4/1.7 MB | 110/251 kB
Progress (2): 1.4/1.7 MB | 123/251 kB
Progress (2): 1.4/1.7 MB | 139/251 kB
Progress (2): 1.4/1.7 MB | 139/251 kB
Progress (2): 1.4/1.7 MB | 156/251 kB
Progress (2): 1.4/1.7 MB | 156/251 kB
Progress (2): 1.4/1.7 MB | 172/251 kB
Progress (2): 1.4/1.7 MB | 172/251 kB
Progress (2): 1.4/1.7 MB | 180/251 kB
Progress (2): 1.4/1.7 MB | 188/251 kB
Progress (3): 1.4/1.7 MB | 188/251 kB | 7.7/47 kB
Progress (3): 1.4/1.7 MB | 188/251 kB | 16/47 kB 
Progress (3): 1.5/1.7 MB | 188/251 kB | 16/47 kB
Progress (3): 1.5/1.7 MB | 205/251 kB | 16/47 kB
Progress (3): 1.5/1.7 MB | 205/251 kB | 32/47 kB
Progress (3): 1.5/1.7 MB | 205/251 kB | 32/47 kB
Progress (3): 1.5/1.7 MB | 205/251 kB | 47 kB   
Progress (3): 1.5/1.7 MB | 213/251 kB | 47 kB
Progress (3): 1.5/1.7 MB | 213/251 kB | 47 kB
Progress (3): 1.5/1.7 MB | 229/251 kB | 47 kB
Progress (3): 1.5/1.7 MB | 229/251 kB | 47 kB
Progress (3): 1.5/1.7 MB | 229/251 kB | 47 kB
Progress (3): 1.5/1.7 MB | 246/251 kB | 47 kB
Progress (3): 1.5/1.7 MB | 251 kB | 47 kB    
Progress (3): 1.5/1.7 MB | 251 kB | 47 kB
Progress (3): 1.6/1.7 MB | 251 kB | 47 kB
Progress (3): 1.6/1.7 MB | 251 kB | 47 kB
Progress (3): 1.6/1.7 MB | 251 kB | 47 kB
Progress (3): 1.6/1.7 MB | 251 kB | 47 kB
Progress (3): 1.6/1.7 MB | 251 kB | 47 kB
Progress (3): 1.6/1.7 MB | 251 kB | 47 kB
Progress (3): 1.7/1.7 MB | 251 kB | 47 kB
Progress (3): 1.7/1.7 MB | 251 kB | 47 kB
Progress (4): 1.7/1.7 MB | 251 kB | 47 kB | 7.7/61 kB
Progress (5): 1.7/1.7 MB | 251 kB | 47 kB | 7.7/61 kB | 16/134 kB
Progress (5): 1.7/1.7 MB | 251 kB | 47 kB | 16/61 kB | 16/134 kB 
Progress (5): 1.7/1.7 MB | 251 kB | 47 kB | 16/61 kB | 16/134 kB
Progress (5): 1.7 MB | 251 kB | 47 kB | 16/61 kB | 16/134 kB    
Progress (5): 1.7 MB | 251 kB | 47 kB | 16/61 kB | 33/134 kB
Progress (5): 1.7 MB | 251 kB | 47 kB | 33/61 kB | 33/134 kB
Progress (5): 1.7 MB | 251 kB | 47 kB | 33/61 kB | 41/134 kB
Progress (5): 1.7 MB | 251 kB | 47 kB | 49/61 kB | 41/134 kB
Progress (5): 1.7 MB | 251 kB | 47 kB | 49/61 kB | 57/134 kB
Progress (5): 1.7 MB | 251 kB | 47 kB | 61 kB | 57/134 kB   
Progress (5): 1.7 MB | 251 kB | 47 kB | 61 kB | 74/134 kB
Progress (5): 1.7 MB | 251 kB | 47 kB | 61 kB | 90/134 kB
                                                         
Downloaded from central: https://repo.maven.apache.org/maven2/org/apache/maven/maven-settings/3.0/maven-settings-3.0.jar (47 kB at 86 kB/s)
Downloading from central: https://repo.maven.apache.org/maven2/org/apache/maven/shared/maven-artifact-transfer/0.12.0/maven-artifact-transfer-0.12.0.jar
Progress (4): 1.7 MB | 251 kB | 61 kB | 106/134 kB
Progress (4): 1.7 MB | 251 kB | 61 kB | 123/134 kB
                                                  
Downloaded from central: https://repo.maven.apache.org/maven2/org/springframework/boot/spring-boot-loader-tools/3.1.4/spring-boot-loader-tools-3.1.4.jar (251 kB at 459 kB/s)
Progress (3): 1.7 MB | 61 kB | 134 kB
                                     
Downloading from central: https://repo.maven.apache.org/maven2/org/apache/maven/shared/maven-common-artifact-filters/3.0.1/maven-common-artifact-filters-3.0.1.jar
Downloaded from central: https://repo.maven.apache.org/maven2/org/codehaus/plexus/plexus-interpolation/1.14/plexus-interpolation-1.14.jar (61 kB at 113 kB/s)
Downloading from central: https://repo.maven.apache.org/maven2/org/apache/maven/shared/maven-shared-utils/3.1.0/maven-shared-utils-3.1.0.jar
Downloaded from central: https://repo.maven.apache.org/maven2/org/apache/maven/plugins/maven-shade-plugin/3.2.4/maven-shade-plugin-3.2.4.jar (134 kB at 246 kB/s)
Downloading from central: https://repo.maven.apache.org/maven2/org/ow2/asm/asm/8.0/asm-8.0.jar
Downloaded from central: https://repo.maven.apache.org/maven2/net/java/dev/jna/jna/5.7.0/jna-5.7.0.jar (1.7 MB at 3.0 MB/s)
Downloading from central: https://repo.maven.apache.org/maven2/org/ow2/asm/asm-commons/8.0/asm-commons-8.0.jar
Progress (1): 7.7/61 kB
Progress (1): 16/61 kB 
Progress (1): 32/61 kB
Progress (1): 49/61 kB
Progress (1): 61 kB   
Progress (2): 61 kB | 3.4/120 kB
Progress (2): 61 kB | 20/120 kB 
Progress (2): 61 kB | 36/120 kB
Progress (2): 61 kB | 44/120 kB
Progress (2): 61 kB | 61/120 kB
Progress (2): 61 kB | 77/120 kB
Progress (2): 61 kB | 93/120 kB
Progress (2): 61 kB | 110/120 kB
Progress (2): 61 kB | 120 kB    
Progress (3): 61 kB | 120 kB | 8.2/122 kB
Progress (3): 61 kB | 120 kB | 16/122 kB 
Progress (3): 61 kB | 120 kB | 33/122 kB
Progress (3): 61 kB | 120 kB | 41/122 kB
Progress (3): 61 kB | 120 kB | 57/122 kB
Progress (3): 61 kB | 120 kB | 74/122 kB
Progress (3): 61 kB | 120 kB | 90/122 kB
                                        
Downloaded from central: https://repo.maven.apache.org/maven2/org/apache/maven/shared/maven-common-artifact-filters/3.0.1/maven-common-artifact-filters-3.0.1.jar (61 kB at 103 kB/s)
Downloading from central: https://repo.maven.apache.org/maven2/org/ow2/asm/asm-tree/8.0/asm-tree-8.0.jar
Progress (3): 120 kB | 90/122 kB | 7.7/72 kB
Progress (3): 120 kB | 106/122 kB | 7.7/72 kB
Progress (3): 120 kB | 122 kB | 7.7/72 kB    
Progress (3): 120 kB | 122 kB | 16/72 kB 
Progress (3): 120 kB | 122 kB | 32/72 kB
Progress (3): 120 kB | 122 kB | 49/72 kB
Progress (3): 120 kB | 122 kB | 65/72 kB
Progress (3): 120 kB | 122 kB | 72 kB   
                                     
Downloaded from central: https://repo.maven.apache.org/maven2/org/apache/maven/shared/maven-artifact-transfer/0.12.0/maven-artifact-transfer-0.12.0.jar (120 kB at 194 kB/s)
Downloading from central: https://repo.maven.apache.org/maven2/org/ow2/asm/asm-analysis/8.0/asm-analysis-8.0.jar
Downloaded from central: https://repo.maven.apache.org/maven2/org/ow2/asm/asm/8.0/asm-8.0.jar (122 kB at 193 kB/s)
Downloading from central: https://repo.maven.apache.org/maven2/org/jdom/jdom2/2.0.6/jdom2-2.0.6.jar
Downloaded from central: https://repo.maven.apache.org/maven2/org/ow2/asm/asm-commons/8.0/asm-commons-8.0.jar (72 kB at 113 kB/s)
Downloading from central: https://repo.maven.apache.org/maven2/org/apache/maven/shared/maven-dependency-tree/3.0.1/maven-dependency-tree-3.0.1.jar
Progress (1): 7.7/53 kB
Progress (1): 16/53 kB 
Progress (1): 32/53 kB
Progress (1): 49/53 kB
Progress (1): 53 kB   
Progress (2): 53 kB | 16/33 kB
Progress (2): 53 kB | 25/33 kB
Progress (2): 53 kB | 33 kB   
                           
Downloaded from central: https://repo.maven.apache.org/maven2/org/ow2/asm/asm-tree/8.0/asm-tree-8.0.jar (53 kB at 80 kB/s)
Downloading from central: https://repo.maven.apache.org/maven2/org/eclipse/aether/aether-util/0.9.0.M2/aether-util-0.9.0.M2.jar
Progress (2): 33 kB | 8.2/164 kB
Progress (2): 33 kB | 25/164 kB 
Progress (3): 33 kB | 25/164 kB | 7.7/37 kB
Progress (3): 33 kB | 25/164 kB | 8.2/37 kB
Progress (3): 33 kB | 41/164 kB | 8.2/37 kB
Progress (3): 33 kB | 41/164 kB | 25/37 kB 
Progress (3): 33 kB | 57/164 kB | 25/37 kB
Progress (3): 33 kB | 66/164 kB | 25/37 kB
Progress (3): 33 kB | 66/164 kB | 37 kB   
Progress (4): 33 kB | 66/164 kB | 37 kB | 3.4/305 kB
Progress (4): 33 kB | 66/164 kB | 37 kB | 20/305 kB 
Progress (4): 33 kB | 66/164 kB | 37 kB | 28/305 kB
Progress (4): 33 kB | 66/164 kB | 37 kB | 44/305 kB
                                                   
Downloaded from central: https://repo.maven.apache.org/maven2/org/ow2/asm/asm-analysis/8.0/asm-analysis-8.0.jar (33 kB at 49 kB/s)
Downloading from central: https://repo.maven.apache.org/maven2/org/vafer/jdependency/2.4.0/jdependency-2.4.0.jar
Progress (3): 66/164 kB | 37 kB | 61/305 kB
Progress (3): 66/164 kB | 37 kB | 77/305 kB
Progress (3): 66/164 kB | 37 kB | 93/305 kB
Progress (3): 66/164 kB | 37 kB | 110/305 kB
Progress (3): 66/164 kB | 37 kB | 126/305 kB
Progress (3): 66/164 kB | 37 kB | 143/305 kB
Progress (3): 66/164 kB | 37 kB | 159/305 kB
Progress (3): 66/164 kB | 37 kB | 175/305 kB
Progress (3): 66/164 kB | 37 kB | 192/305 kB
Progress (3): 66/164 kB | 37 kB | 208/305 kB
Progress (3): 66/164 kB | 37 kB | 225/305 kB
Progress (3): 66/164 kB | 37 kB | 241/305 kB
Progress (3): 66/164 kB | 37 kB | 257/305 kB
                                            
Downloaded from central: https://repo.maven.apache.org/maven2/org/apache/maven/shared/maven-dependency-tree/3.0.1/maven-dependency-tree-3.0.1.jar (37 kB at 52 kB/s)
Downloading from central: https://repo.maven.apache.org/maven2/org/ow2/asm/asm-util/8.0/asm-util-8.0.jar
Progress (2): 66/164 kB | 274/305 kB
Progress (2): 66/164 kB | 290/305 kB
Progress (2): 66/164 kB | 305 kB    
Progress (3): 66/164 kB | 305 kB | 7.7/134 kB
Progress (3): 66/164 kB | 305 kB | 16/134 kB 
Progress (3): 66/164 kB | 305 kB | 32/134 kB
Progress (3): 82/164 kB | 305 kB | 32/134 kB
Progress (3): 82/164 kB | 305 kB | 49/134 kB
Progress (3): 98/164 kB | 305 kB | 49/134 kB
Progress (3): 115/164 kB | 305 kB | 49/134 kB
Progress (3): 115/164 kB | 305 kB | 65/134 kB
Progress (3): 131/164 kB | 305 kB | 65/134 kB
Progress (3): 131/164 kB | 305 kB | 81/134 kB
Progress (3): 131/164 kB | 305 kB | 98/134 kB
Progress (3): 131/164 kB | 305 kB | 114/134 kB
Progress (3): 131/164 kB | 305 kB | 131/134 kB
Progress (3): 131/164 kB | 305 kB | 134 kB    
                                          
Downloaded from central: https://repo.maven.apache.org/maven2/org/jdom/jdom2/2.0.6/jdom2-2.0.6.jar (305 kB at 417 kB/s)
Downloading from central: https://repo.maven.apache.org/maven2/com/google/guava/guava/28.2-android/guava-28.2-android.jar
Progress (3): 131/164 kB | 134 kB | 16/180 kB
Progress (3): 147/164 kB | 134 kB | 16/180 kB
Progress (3): 147/164 kB | 134 kB | 33/180 kB
Progress (3): 164 kB | 134 kB | 33/180 kB    
Progress (3): 164 kB | 134 kB | 49/180 kB
Progress (3): 164 kB | 134 kB | 66/180 kB
Progress (3): 164 kB | 134 kB | 82/180 kB
Progress (3): 164 kB | 134 kB | 98/180 kB
Progress (3): 164 kB | 134 kB | 115/180 kB
Progress (3): 164 kB | 134 kB | 131/180 kB
Progress (3): 164 kB | 134 kB | 147/180 kB
Progress (3): 164 kB | 134 kB | 164/180 kB
Progress (3): 164 kB | 134 kB | 180 kB    
Progress (4): 164 kB | 134 kB | 180 kB | 7.7/85 kB
Progress (4): 164 kB | 134 kB | 180 kB | 16/85 kB 
Progress (4): 164 kB | 134 kB | 180 kB | 32/85 kB
Progress (4): 164 kB | 134 kB | 180 kB | 49/85 kB
Progress (4): 164 kB | 134 kB | 180 kB | 65/85 kB
Progress (4): 164 kB | 134 kB | 180 kB | 74/85 kB
Progress (4): 164 kB | 134 kB | 180 kB | 85 kB   
                                              
Downloaded from central: https://repo.maven.apache.org/maven2/org/eclipse/aether/aether-util/0.9.0.M2/aether-util-0.9.0.M2.jar (134 kB at 175 kB/s)
Downloading from central: https://repo.maven.apache.org/maven2/com/google/guava/failureaccess/1.0.1/failureaccess-1.0.1.jar
Downloaded from central: https://repo.maven.apache.org/maven2/org/apache/maven/shared/maven-shared-utils/3.1.0/maven-shared-utils-3.1.0.jar (164 kB at 209 kB/s)
Downloading from central: https://repo.maven.apache.org/maven2/com/google/guava/listenablefuture/9999.0-empty-to-avoid-conflict-with-guava/listenablefuture-9999.0-empty-to-avoid-conflict-with-guava.jar
Downloaded from central: https://repo.maven.apache.org/maven2/org/vafer/jdependency/2.4.0/jdependency-2.4.0.jar (180 kB at 230 kB/s)
Downloading from central: https://repo.maven.apache.org/maven2/org/checkerframework/checker-compat-qual/2.5.5/checker-compat-qual-2.5.5.jar
Progress (2): 85 kB | 0/2.6 MB
Progress (2): 85 kB | 0/2.6 MB
Progress (2): 85 kB | 0/2.6 MB
Progress (2): 85 kB | 0/2.6 MB
                              
Downloaded from central: https://repo.maven.apache.org/maven2/org/ow2/asm/asm-util/8.0/asm-util-8.0.jar (85 kB at 105 kB/s)
Downloading from central: https://repo.maven.apache.org/maven2/com/google/errorprone/error_prone_annotations/2.3.4/error_prone_annotations-2.3.4.jar
Progress (1): 0.1/2.6 MB
Progress (1): 0.1/2.6 MB
Progress (1): 0.1/2.6 MB
Progress (1): 0.1/2.6 MB
Progress (2): 0.1/2.6 MB | 4.6 kB
Progress (2): 0.1/2.6 MB | 4.6 kB
Progress (2): 0.1/2.6 MB | 4.6 kB
Progress (2): 0.2/2.6 MB | 4.6 kB
Progress (2): 0.2/2.6 MB | 4.6 kB
Progress (2): 0.2/2.6 MB | 4.6 kB
Progress (2): 0.2/2.6 MB | 4.6 kB
Progress (2): 0.2/2.6 MB | 4.6 kB
Progress (2): 0.2/2.6 MB | 4.6 kB
Progress (2): 0.3/2.6 MB | 4.6 kB
Progress (2): 0.3/2.6 MB | 4.6 kB
Progress (2): 0.3/2.6 MB | 4.6 kB
Progress (2): 0.3/2.6 MB | 4.6 kB
Progress (2): 0.3/2.6 MB | 4.6 kB
Progress (2): 0.3/2.6 MB | 4.6 kB
Progress (2): 0.3/2.6 MB | 4.6 kB
Progress (2): 0.4/2.6 MB | 4.6 kB
Progress (2): 0.4/2.6 MB | 4.6 kB
Progress (2): 0.4/2.6 MB | 4.6 kB
Progress (2): 0.4/2.6 MB | 4.6 kB
Progress (2): 0.4/2.6 MB | 4.6 kB
                                 
Downloaded from central: https://repo.maven.apache.org/maven2/com/google/guava/failureaccess/1.0.1/failureaccess-1.0.1.jar (4.6 kB at 5.5 kB/s)
Downloading from central: https://repo.maven.apache.org/maven2/com/google/j2objc/j2objc-annotations/1.3/j2objc-annotations-1.3.jar
Progress (1): 0.4/2.6 MB
Progress (1): 0.4/2.6 MB
Progress (1): 0.5/2.6 MB
Progress (1): 0.5/2.6 MB
Progress (1): 0.5/2.6 MB
Progress (1): 0.5/2.6 MB
Progress (1): 0.5/2.6 MB
Progress (1): 0.5/2.6 MB
Progress (1): 0.6/2.6 MB
Progress (1): 0.6/2.6 MB
Progress (1): 0.6/2.6 MB
Progress (1): 0.6/2.6 MB
Progress (1): 0.6/2.6 MB
Progress (1): 0.6/2.6 MB
Progress (1): 0.7/2.6 MB
Progress (1): 0.7/2.6 MB
Progress (1): 0.7/2.6 MB
Progress (1): 0.7/2.6 MB
Progress (1): 0.7/2.6 MB
Progress (1): 0.7/2.6 MB
Progress (1): 0.8/2.6 MB
Progress (1): 0.8/2.6 MB
Progress (1): 0.8/2.6 MB
Progress (1): 0.8/2.6 MB
Progress (1): 0.8/2.6 MB
Progress (1): 0.8/2.6 MB
Progress (1): 0.9/2.6 MB
Progress (1): 0.9/2.6 MB
Progress (1): 0.9/2.6 MB
Progress (1): 0.9/2.6 MB
Progress (1): 0.9/2.6 MB
Progress (1): 0.9/2.6 MB
Progress (2): 0.9/2.6 MB | 7.7/14 kB
Progress (2): 1.0/2.6 MB | 7.7/14 kB
Progress (2): 1.0/2.6 MB | 14 kB    
Progress (2): 1.0/2.6 MB | 14 kB
Progress (2): 1.0/2.6 MB | 14 kB
Progress (3): 1.0/2.6 MB | 14 kB | 5.9 kB
Progress (3): 1.0/2.6 MB | 14 kB | 5.9 kB
Progress (3): 1.0/2.6 MB | 14 kB | 5.9 kB
Progress (3): 1.0/2.6 MB | 14 kB | 5.9 kB
Progress (4): 1.0/2.6 MB | 14 kB | 5.9 kB | 2.2 kB
Progress (4): 1.1/2.6 MB | 14 kB | 5.9 kB | 2.2 kB
Progress (4): 1.1/2.6 MB | 14 kB | 5.9 kB | 2.2 kB
Progress (4): 1.1/2.6 MB | 14 kB | 5.9 kB | 2.2 kB
Progress (4): 1.1/2.6 MB | 14 kB | 5.9 kB | 2.2 kB
Progress (4): 1.1/2.6 MB | 14 kB | 5.9 kB | 2.2 kB
Progress (4): 1.1/2.6 MB | 14 kB | 5.9 kB | 2.2 kB
Progress (4): 1.2/2.6 MB | 14 kB | 5.9 kB | 2.2 kB
Progress (4): 1.2/2.6 MB | 14 kB | 5.9 kB | 2.2 kB
Progress (4): 1.2/2.6 MB | 14 kB | 5.9 kB | 2.2 kB
Progress (4): 1.2/2.6 MB | 14 kB | 5.9 kB | 2.2 kB
Progress (5): 1.2/2.6 MB | 14 kB | 5.9 kB | 2.2 kB | 7.7/8.8 kB
Progress (5): 1.2/2.6 MB | 14 kB | 5.9 kB | 2.2 kB | 8.8 kB    
Progress (5): 1.2/2.6 MB | 14 kB | 5.9 kB | 2.2 kB | 8.8 kB
Progress (5): 1.2/2.6 MB | 14 kB | 5.9 kB | 2.2 kB | 8.8 kB
                                                           
Downloaded from central: https://repo.maven.apache.org/maven2/com/google/errorprone/error_prone_annotations/2.3.4/error_prone_annotations-2.3.4.jar (14 kB at 15 kB/s)
Downloading from central: https://repo.maven.apache.org/maven2/org/apache/commons/commons-lang3/3.7/commons-lang3-3.7.jar
Progress (4): 1.2/2.6 MB | 5.9 kB | 2.2 kB | 8.8 kB
Progress (4): 1.3/2.6 MB | 5.9 kB | 2.2 kB | 8.8 kB
                                                   
Downloaded from central: https://repo.maven.apache.org/maven2/org/checkerframework/checker-compat-qual/2.5.5/checker-compat-qual-2.5.5.jar (5.9 kB at 6.4 kB/s)
Progress (3): 1.3/2.6 MB | 2.2 kB | 8.8 kB
Progress (3): 1.3/2.6 MB | 2.2 kB | 8.8 kB
Progress (3): 1.3/2.6 MB | 2.2 kB | 8.8 kB
Progress (3): 1.3/2.6 MB | 2.2 kB | 8.8 kB
                                          
Downloaded from central: https://repo.maven.apache.org/maven2/com/google/guava/listenablefuture/9999.0-empty-to-avoid-conflict-with-guava/listenablefuture-9999.0-empty-to-avoid-conflict-with-guava.jar (2.2 kB at 2.4 kB/s)
Progress (2): 1.3/2.6 MB | 8.8 kB
Progress (2): 1.4/2.6 MB | 8.8 kB
Progress (2): 1.4/2.6 MB | 8.8 kB
Progress (2): 1.4/2.6 MB | 8.8 kB
Progress (2): 1.4/2.6 MB | 8.8 kB
Progress (2): 1.4/2.6 MB | 8.8 kB
Progress (2): 1.4/2.6 MB | 8.8 kB
Progress (2): 1.5/2.6 MB | 8.8 kB
                                 
Downloaded from central: https://repo.maven.apache.org/maven2/com/google/j2objc/j2objc-annotations/1.3/j2objc-annotations-1.3.jar (8.8 kB at 9.2 kB/s)
Progress (1): 1.5/2.6 MB
Progress (1): 1.5/2.6 MB
Progress (1): 1.5/2.6 MB
Progress (1): 1.5/2.6 MB
Progress (1): 1.5/2.6 MB
Progress (1): 1.5/2.6 MB
Progress (1): 1.6/2.6 MB
Progress (1): 1.6/2.6 MB
Progress (1): 1.6/2.6 MB
Progress (1): 1.6/2.6 MB
Progress (1): 1.6/2.6 MB
Progress (1): 1.6/2.6 MB
Progress (1): 1.7/2.6 MB
Progress (1): 1.7/2.6 MB
Progress (1): 1.7/2.6 MB
Progress (1): 1.7/2.6 MB
Progress (1): 1.7/2.6 MB
Progress (1): 1.7/2.6 MB
Progress (1): 1.8/2.6 MB
Progress (1): 1.8/2.6 MB
Progress (1): 1.8/2.6 MB
Progress (2): 1.8/2.6 MB | 7.7/500 kB
Progress (2): 1.8/2.6 MB | 8.2/500 kB
Progress (2): 1.8/2.6 MB | 8.2/500 kB
Progress (2): 1.8/2.6 MB | 25/500 kB 
Progress (2): 1.8/2.6 MB | 25/500 kB
Progress (2): 1.8/2.6 MB | 41/500 kB
Progress (2): 1.8/2.6 MB | 41/500 kB
Progress (2): 1.8/2.6 MB | 57/500 kB
Progress (2): 1.8/2.6 MB | 66/500 kB
Progress (2): 1.9/2.6 MB | 66/500 kB
Progress (2): 1.9/2.6 MB | 82/500 kB
Progress (2): 1.9/2.6 MB | 82/500 kB
Progress (2): 1.9/2.6 MB | 98/500 kB
Progress (2): 1.9/2.6 MB | 102/500 kB
Progress (2): 1.9/2.6 MB | 102/500 kB
Progress (2): 1.9/2.6 MB | 118/500 kB
Progress (2): 1.9/2.6 MB | 118/500 kB
Progress (2): 1.9/2.6 MB | 135/500 kB
Progress (2): 1.9/2.6 MB | 135/500 kB
Progress (2): 1.9/2.6 MB | 151/500 kB
Progress (2): 1.9/2.6 MB | 151/500 kB
Progress (2): 1.9/2.6 MB | 168/500 kB
Progress (2): 2.0/2.6 MB | 168/500 kB
Progress (2): 2.0/2.6 MB | 168/500 kB
Progress (2): 2.0/2.6 MB | 184/500 kB
Progress (2): 2.0/2.6 MB | 184/500 kB
Progress (2): 2.0/2.6 MB | 200/500 kB
Progress (2): 2.0/2.6 MB | 200/500 kB
Progress (2): 2.0/2.6 MB | 217/500 kB
Progress (2): 2.0/2.6 MB | 217/500 kB
Progress (2): 2.0/2.6 MB | 233/500 kB
Progress (2): 2.0/2.6 MB | 233/500 kB
Progress (2): 2.0/2.6 MB | 250/500 kB
Progress (2): 2.1/2.6 MB | 250/500 kB
Progress (2): 2.1/2.6 MB | 250/500 kB
Progress (2): 2.1/2.6 MB | 266/500 kB
Progress (2): 2.1/2.6 MB | 266/500 kB
Progress (2): 2.1/2.6 MB | 282/500 kB
Progress (2): 2.1/2.6 MB | 299/500 kB
Progress (2): 2.1/2.6 MB | 299/500 kB
Progress (2): 2.1/2.6 MB | 315/500 kB
Progress (2): 2.1/2.6 MB | 328/500 kB
Progress (2): 2.1/2.6 MB | 328/500 kB
Progress (2): 2.1/2.6 MB | 328/500 kB
Progress (2): 2.1/2.6 MB | 344/500 kB
Progress (2): 2.2/2.6 MB | 344/500 kB
Progress (2): 2.2/2.6 MB | 360/500 kB
Progress (2): 2.2/2.6 MB | 360/500 kB
Progress (2): 2.2/2.6 MB | 360/500 kB
Progress (2): 2.2/2.6 MB | 377/500 kB
Progress (2): 2.2/2.6 MB | 377/500 kB
Progress (2): 2.2/2.6 MB | 393/500 kB
Progress (2): 2.2/2.6 MB | 410/500 kB
Progress (2): 2.2/2.6 MB | 410/500 kB
Progress (2): 2.2/2.6 MB | 426/500 kB
Progress (2): 2.2/2.6 MB | 426/500 kB
Progress (2): 2.2/2.6 MB | 442/500 kB
Progress (2): 2.2/2.6 MB | 459/500 kB
Progress (2): 2.2/2.6 MB | 459/500 kB
Progress (2): 2.2/2.6 MB | 475/500 kB
Progress (2): 2.3/2.6 MB | 475/500 kB
Progress (2): 2.3/2.6 MB | 475/500 kB
Progress (2): 2.3/2.6 MB | 492/500 kB
Progress (2): 2.3/2.6 MB | 500 kB    
Progress (2): 2.3/2.6 MB | 500 kB
Progress (2): 2.3/2.6 MB | 500 kB
Progress (2): 2.3/2.6 MB | 500 kB
Progress (2): 2.3/2.6 MB | 500 kB
Progress (2): 2.4/2.6 MB | 500 kB
Progress (2): 2.4/2.6 MB | 500 kB
Progress (2): 2.4/2.6 MB | 500 kB
Progress (2): 2.4/2.6 MB | 500 kB
Progress (2): 2.4/2.6 MB | 500 kB
Progress (2): 2.4/2.6 MB | 500 kB
Progress (2): 2.5/2.6 MB | 500 kB
Progress (2): 2.5/2.6 MB | 500 kB
Progress (2): 2.5/2.6 MB | 500 kB
Progress (2): 2.5/2.6 MB | 500 kB
Progress (2): 2.5/2.6 MB | 500 kB
Progress (2): 2.5/2.6 MB | 500 kB
Progress (2): 2.6/2.6 MB | 500 kB
Progress (2): 2.6/2.6 MB | 500 kB
Progress (2): 2.6/2.6 MB | 500 kB
Progress (2): 2.6/2.6 MB | 500 kB
Progress (2): 2.6/2.6 MB | 500 kB
Progress (2): 2.6 MB | 500 kB    
                             
Downloaded from central: https://repo.maven.apache.org/maven2/org/apache/commons/commons-lang3/3.7/commons-lang3-3.7.jar (500 kB at 468 kB/s)
Downloaded from central: https://repo.maven.apache.org/maven2/com/google/guava/guava/28.2-android/guava-28.2-android.jar (2.6 MB at 2.3 MB/s)
[INFO] Attaching agents: []

  .   ____          _            __ _ _
 /\\ / ___'_ __ _ _(_)_ __  __ _ \ \ \ \
( ( )\___ | '_ | '_| | '_ \/ _` | \ \ \ \
 \\/  ___)| |_)| | | | | || (_| |  ) ) ) )
  '  |____| .__|_| |_|_| |_\__, | / / / /
 =========|_|==============|___/=/_/_/_/
 :: Spring Boot ::                (v3.1.4)

2026-03-10T15:56:05.677+05:30  INFO 12536 --- [  restartedMain] com.taskflow.TaskFlowApplication         : Starting TaskflowApplication using Java 17.0.16 with PID 12536 (E:\Personal_Projects\Taskflow App\backend\target\classes started by Sai Kiran in E:\Personal_Projects\Taskflow App\backend)
2026-03-10T15:56:05.679+05:30  INFO 12536 --- [  restartedMain] com.taskflow.TaskFlowApplication         : No active profile set, falling back to 1 default profile: "default"
2026-03-10T15:56:05.680+05:30 DEBUG 12536 --- [  restartedMain] o.s.boot.SpringApplication               : Loading source class com.taskflow.TaskFlowApplication
2026-03-10T15:56:05.720+05:30 DEBUG 12536 --- [  restartedMain] o.s.b.devtools.restart.ChangeableUrls    : Matching URLs for reloading : [file:/E:/Personal_Projects/Taskflow%20App/backend/target/classes/]
2026-03-10T15:56:05.722+05:30 DEBUG 12536 --- [  restartedMain] o.s.b.d.settings.DevToolsSettings        : Included patterns for restart : []
2026-03-10T15:56:05.722+05:30 DEBUG 12536 --- [  restartedMain] o.s.b.d.settings.DevToolsSettings        : Excluded patterns for restart : [/spring-boot-starter-[\w-]+/, /spring-boot/(bin|build|out)/, /spring-boot-starter/(bin|build|out)/, /spring-boot-devtools/(bin|build|out)/, /spring-boot-actuator/(bin|build|out)/, /spring-boot-autoconfigure/(bin|build|out)/]
2026-03-10T15:56:05.722+05:30  INFO 12536 --- [  restartedMain] .e.DevToolsPropertyDefaultsPostProcessor : Devtools property defaults active! Set 'spring.devtools.add-properties' to 'false' to disable
2026-03-10T15:56:05.722+05:30  INFO 12536 --- [  restartedMain] .e.DevToolsPropertyDefaultsPostProcessor : For additional web related logging consider setting the 'logging.level.web' property to 'DEBUG'
2026-03-10T15:56:05.722+05:30 DEBUG 12536 --- [  restartedMain] ConfigServletWebServerApplicationContext : Refreshing org.springframework.boot.web.servlet.context.AnnotationConfigServletWebServerApplicationContext@47275008
2026-03-10T15:56:06.343+05:30  INFO 12536 --- [  restartedMain] .s.d.r.c.RepositoryConfigurationDelegate : Bootstrapping Spring Data JPA repositories in DEFAULT mode.
2026-03-10T15:56:06.358+05:30 DEBUG 12536 --- [  restartedMain] o.s.b.a.AutoConfigurationPackages        : @EnableAutoConfiguration was declared on a class in the package 'com.taskflow'. Automatic @Repository and @Entity scanning is enabled.
2026-03-10T15:56:06.405+05:30  INFO 12536 --- [  restartedMain] .s.d.r.c.RepositoryConfigurationDelegate : Finished Spring Data repository scanning in 53 ms. Found 3 JPA repository interfaces.
2026-03-10T15:56:07.003+05:30 DEBUG 12536 --- [  restartedMain] .s.b.w.e.t.TomcatServletWebServerFactory : Code archive: C:\Users\Sai Kiran\.m2\repository\org\springframework\boot\spring-boot\3.1.4\spring-boot-3.1.4.jar
2026-03-10T15:56:07.004+05:30 DEBUG 12536 --- [  restartedMain] .s.b.w.e.t.TomcatServletWebServerFactory : Code archive: C:\Users\Sai Kiran\.m2\repository\org\springframework\boot\spring-boot\3.1.4\spring-boot-3.1.4.jar
2026-03-10T15:56:07.004+05:30 DEBUG 12536 --- [  restartedMain] .s.b.w.e.t.TomcatServletWebServerFactory : None of the document roots [src/main/webapp, public, static] point to a directory and will be ignored.
2026-03-10T15:56:07.060+05:30  INFO 12536 --- [  restartedMain] o.s.b.w.embedded.tomcat.TomcatWebServer  : Tomcat initialized with port(s): 8080 (http)
2026-03-10T15:56:07.069+05:30  INFO 12536 --- [  restartedMain] o.apache.catalina.core.StandardService   : Starting service [Tomcat]
2026-03-10T15:56:07.072+05:30  INFO 12536 --- [  restartedMain] o.apache.catalina.core.StandardEngine    : Starting Servlet engine: [Apache Tomcat/10.1.13]
2026-03-10T15:56:07.140+05:30  INFO 12536 --- [  restartedMain] o.a.c.c.C.[Tomcat].[localhost].[/]       : Initializing Spring embedded WebApplicationContext
2026-03-10T15:56:07.140+05:30 DEBUG 12536 --- [  restartedMain] w.s.c.ServletWebServerApplicationContext : Published root WebApplicationContext as ServletContext attribute with name [org.springframework.web.context.WebApplicationContext.ROOT]
2026-03-10T15:56:07.141+05:30  INFO 12536 --- [  restartedMain] w.s.c.ServletWebServerApplicationContext : Root WebApplicationContext: initialization completed in 1418 ms
2026-03-10T15:56:07.223+05:30  INFO 12536 --- [  restartedMain] com.zaxxer.hikari.HikariDataSource       : HikariPool-1 - Starting...
2026-03-10T15:56:08.414+05:30 ERROR 12536 --- [  restartedMain] com.zaxxer.hikari.pool.HikariPool        : HikariPool-1 - Exception during pool initialization.

org.postgresql.util.PSQLException: FATAL: password authentication failed for user "postgres"
	at org.postgresql.core.v3.ConnectionFactoryImpl.doAuthentication(ConnectionFactoryImpl.java:693) ~[postgresql-42.6.0.jar:42.6.0]
	at org.postgresql.core.v3.ConnectionFactoryImpl.tryConnect(ConnectionFactoryImpl.java:203) ~[postgresql-42.6.0.jar:42.6.0]
	at org.postgresql.core.v3.ConnectionFactoryImpl.openConnectionImpl(ConnectionFactoryImpl.java:258) ~[postgresql-42.6.0.jar:42.6.0]
	at org.postgresql.core.ConnectionFactory.openConnection(ConnectionFactory.java:54) ~[postgresql-42.6.0.jar:42.6.0]
	at org.postgresql.jdbc.PgConnection.<init>(PgConnection.java:263) ~[postgresql-42.6.0.jar:42.6.0]
	at org.postgresql.Driver.makeConnection(Driver.java:443) ~[postgresql-42.6.0.jar:42.6.0]
	at org.postgresql.Driver.connect(Driver.java:297) ~[postgresql-42.6.0.jar:42.6.0]
	at com.zaxxer.hikari.util.DriverDataSource.getConnection(DriverDataSource.java:138) ~[HikariCP-5.0.1.jar:na]
	at com.zaxxer.hikari.pool.PoolBase.newConnection(PoolBase.java:359) ~[HikariCP-5.0.1.jar:na]
	at com.zaxxer.hikari.pool.PoolBase.newPoolEntry(PoolBase.java:201) ~[HikariCP-5.0.1.jar:na]
	at com.zaxxer.hikari.pool.HikariPool.createPoolEntry(HikariPool.java:470) ~[HikariCP-5.0.1.jar:na]
	at com.zaxxer.hikari.pool.HikariPool.checkFailFast(HikariPool.java:561) ~[HikariCP-5.0.1.jar:na]
	at com.zaxxer.hikari.pool.HikariPool.<init>(HikariPool.java:100) ~[HikariCP-5.0.1.jar:na]
	at com.zaxxer.hikari.HikariDataSource.getConnection(HikariDataSource.java:112) ~[HikariCP-5.0.1.jar:na]
	at org.springframework.jdbc.datasource.DataSourceUtils.fetchConnection(DataSourceUtils.java:160) ~[spring-jdbc-6.0.12.jar:6.0.12]
	at org.springframework.jdbc.datasource.DataSourceUtils.doGetConnection(DataSourceUtils.java:118) ~[spring-jdbc-6.0.12.jar:6.0.12]
	at org.springframework.jdbc.datasource.DataSourceUtils.getConnection(DataSourceUtils.java:81) ~[spring-jdbc-6.0.12.jar:6.0.12]
	at org.springframework.jdbc.core.JdbcTemplate.execute(JdbcTemplate.java:332) ~[spring-jdbc-6.0.12.jar:6.0.12]
	at org.springframework.boot.jdbc.EmbeddedDatabaseConnection.isEmbedded(EmbeddedDatabaseConnection.java:168) ~[spring-boot-3.1.4.jar:3.1.4]
	at org.springframework.boot.jdbc.init.DataSourceScriptDatabaseInitializer.isEmbeddedDatabase(DataSourceScriptDatabaseInitializer.java:67) ~[spring-boot-3.1.4.jar:3.1.4]
	at org.springframework.boot.sql.init.AbstractScriptDatabaseInitializer.isEnabled(AbstractScriptDatabaseInitializer.java:84) ~[spring-boot-3.1.4.jar:3.1.4]
	at org.springframework.boot.sql.init.AbstractScriptDatabaseInitializer.applyScripts(AbstractScriptDatabaseInitializer.java:107) ~[spring-boot-3.1.4.jar:3.1.4]
	at org.springframework.boot.sql.init.AbstractScriptDatabaseInitializer.applyDataScripts(AbstractScriptDatabaseInitializer.java:102) ~[spring-boot-3.1.4.jar:3.1.4]
	at org.springframework.boot.sql.init.AbstractScriptDatabaseInitializer.initializeDatabase(AbstractScriptDatabaseInitializer.java:77) ~[spring-boot-3.1.4.jar:3.1.4]
	at org.springframework.boot.sql.init.AbstractScriptDatabaseInitializer.afterPropertiesSet(AbstractScriptDatabaseInitializer.java:66) ~[spring-boot-3.1.4.jar:3.1.4]
	at org.springframework.beans.factory.support.AbstractAutowireCapableBeanFactory.invokeInitMethods(AbstractAutowireCapableBeanFactory.java:1817) ~[spring-beans-6.0.12.jar:6.0.12]
	at org.springframework.beans.factory.support.AbstractAutowireCapableBeanFactory.initializeBean(AbstractAutowireCapableBeanFactory.java:1766) ~[spring-beans-6.0.12.jar:6.0.12]
	at org.springframework.beans.factory.support.AbstractAutowireCapableBeanFactory.doCreateBean(AbstractAutowireCapableBeanFactory.java:598) ~[spring-beans-6.0.12.jar:6.0.12]
	at org.springframework.beans.factory.support.AbstractAutowireCapableBeanFactory.createBean(AbstractAutowireCapableBeanFactory.java:520) ~[spring-beans-6.0.12.jar:6.0.12]
	at org.springframework.beans.factory.support.AbstractBeanFactory.lambda$doGetBean$0(AbstractBeanFactory.java:325) ~[spring-beans-6.0.12.jar:6.0.12]
	at org.springframework.beans.factory.support.DefaultSingletonBeanRegistry.getSingleton(DefaultSingletonBeanRegistry.java:234) ~[spring-beans-6.0.12.jar:6.0.12]
	at org.springframework.beans.factory.support.AbstractBeanFactory.doGetBean(AbstractBeanFactory.java:323) ~[spring-beans-6.0.12.jar:6.0.12]
	at org.springframework.beans.factory.support.AbstractBeanFactory.getBean(AbstractBeanFactory.java:199) ~[spring-beans-6.0.12.jar:6.0.12]
	at org.springframework.beans.factory.support.AbstractBeanFactory.doGetBean(AbstractBeanFactory.java:312) ~[spring-beans-6.0.12.jar:6.0.12]
	at org.springframework.beans.factory.support.AbstractBeanFactory.getBean(AbstractBeanFactory.java:199) ~[spring-beans-6.0.12.jar:6.0.12]
	at org.springframework.beans.factory.support.BeanDefinitionValueResolver.resolveReference(BeanDefinitionValueResolver.java:365) ~[spring-beans-6.0.12.jar:6.0.12]
	at org.springframework.beans.factory.support.BeanDefinitionValueResolver.resolveValueIfNecessary(BeanDefinitionValueResolver.java:135) ~[spring-beans-6.0.12.jar:6.0.12]
	at org.springframework.beans.factory.support.ConstructorResolver.resolveConstructorArguments(ConstructorResolver.java:688) ~[spring-beans-6.0.12.jar:6.0.12]
	at org.springframework.beans.factory.support.ConstructorResolver.instantiateUsingFactoryMethod(ConstructorResolver.java:512) ~[spring-beans-6.0.12.jar:6.0.12]
	at org.springframework.beans.factory.support.AbstractAutowireCapableBeanFactory.instantiateUsingFactoryMethod(AbstractAutowireCapableBeanFactory.java:1332) ~[spring-beans-6.0.12.jar:6.0.12]
	at org.springframework.beans.factory.support.AbstractAutowireCapableBeanFactory.createBeanInstance(AbstractAutowireCapableBeanFactory.java:1162) ~[spring-beans-6.0.12.jar:6.0.12]
	at org.springframework.beans.factory.support.AbstractAutowireCapableBeanFactory.doCreateBean(AbstractAutowireCapableBeanFactory.java:560) ~[spring-beans-6.0.12.jar:6.0.12]
	at org.springframework.beans.factory.support.AbstractAutowireCapableBeanFactory.createBean(AbstractAutowireCapableBeanFactory.java:520) ~[spring-beans-6.0.12.jar:6.0.12]
	at org.springframework.beans.factory.support.AbstractBeanFactory.lambda$doGetBean$0(AbstractBeanFactory.java:325) ~[spring-beans-6.0.12.jar:6.0.12]
	at org.springframework.beans.factory.support.DefaultSingletonBeanRegistry.getSingleton(DefaultSingletonBeanRegistry.java:234) ~[spring-beans-6.0.12.jar:6.0.12]
	at org.springframework.beans.factory.support.AbstractBeanFactory.doGetBean(AbstractBeanFactory.java:323) ~[spring-beans-6.0.12.jar:6.0.12]
	at org.springframework.beans.factory.support.AbstractBeanFactory.getBean(AbstractBeanFactory.java:199) ~[spring-beans-6.0.12.jar:6.0.12]
	at org.springframework.beans.factory.support.BeanDefinitionValueResolver.resolveReference(BeanDefinitionValueResolver.java:365) ~[spring-beans-6.0.12.jar:6.0.12]
	at org.springframework.beans.factory.support.BeanDefinitionValueResolver.resolveValueIfNecessary(BeanDefinitionValueResolver.java:135) ~[spring-beans-6.0.12.jar:6.0.12]
	at org.springframework.beans.factory.support.AbstractAutowireCapableBeanFactory.applyPropertyValues(AbstractAutowireCapableBeanFactory.java:1682) ~[spring-beans-6.0.12.jar:6.0.12]
	at org.springframework.beans.factory.support.AbstractAutowireCapableBeanFactory.populateBean(AbstractAutowireCapableBeanFactory.java:1431) ~[spring-beans-6.0.12.jar:6.0.12]
	at org.springframework.beans.factory.support.AbstractAutowireCapableBeanFactory.doCreateBean(AbstractAutowireCapableBeanFactory.java:597) ~[spring-beans-6.0.12.jar:6.0.12]
	at org.springframework.beans.factory.support.AbstractAutowireCapableBeanFactory.createBean(AbstractAutowireCapableBeanFactory.java:520) ~[spring-beans-6.0.12.jar:6.0.12]
	at org.springframework.beans.factory.support.AbstractBeanFactory.lambda$doGetBean$0(AbstractBeanFactory.java:325) ~[spring-beans-6.0.12.jar:6.0.12]
	at org.springframework.beans.factory.support.DefaultSingletonBeanRegistry.getSingleton(DefaultSingletonBeanRegistry.java:234) ~[spring-beans-6.0.12.jar:6.0.12]
	at org.springframework.beans.factory.support.AbstractBeanFactory.doGetBean(AbstractBeanFactory.java:323) ~[spring-beans-6.0.12.jar:6.0.12]
	at org.springframework.beans.factory.support.AbstractBeanFactory.getBean(AbstractBeanFactory.java:199) ~[spring-beans-6.0.12.jar:6.0.12]
	at org.springframework.beans.factory.config.DependencyDescriptor.resolveCandidate(DependencyDescriptor.java:254) ~[spring-beans-6.0.12.jar:6.0.12]
	at org.springframework.beans.factory.support.DefaultListableBeanFactory.doResolveDependency(DefaultListableBeanFactory.java:1417) ~[spring-beans-6.0.12.jar:6.0.12]
	at org.springframework.beans.factory.support.DefaultListableBeanFactory.resolveDependency(DefaultListableBeanFactory.java:1337) ~[spring-beans-6.0.12.jar:6.0.12]
	at org.springframework.beans.factory.support.ConstructorResolver.resolveAutowiredArgument(ConstructorResolver.java:910) ~[spring-beans-6.0.12.jar:6.0.12]
	at org.springframework.beans.factory.support.ConstructorResolver.createArgumentArray(ConstructorResolver.java:788) ~[spring-beans-6.0.12.jar:6.0.12]
	at org.springframework.beans.factory.support.ConstructorResolver.autowireConstructor(ConstructorResolver.java:240) ~[spring-beans-6.0.12.jar:6.0.12]
	at org.springframework.beans.factory.support.AbstractAutowireCapableBeanFactory.autowireConstructor(AbstractAutowireCapableBeanFactory.java:1352) ~[spring-beans-6.0.12.jar:6.0.12]
	at org.springframework.beans.factory.support.AbstractAutowireCapableBeanFactory.createBeanInstance(AbstractAutowireCapableBeanFactory.java:1189) ~[spring-beans-6.0.12.jar:6.0.12]
	at org.springframework.beans.factory.support.AbstractAutowireCapableBeanFactory.doCreateBean(AbstractAutowireCapableBeanFactory.java:560) ~[spring-beans-6.0.12.jar:6.0.12]
	at org.springframework.beans.factory.support.AbstractAutowireCapableBeanFactory.createBean(AbstractAutowireCapableBeanFactory.java:520) ~[spring-beans-6.0.12.jar:6.0.12]
	at org.springframework.beans.factory.support.AbstractBeanFactory.lambda$doGetBean$0(AbstractBeanFactory.java:325) ~[spring-beans-6.0.12.jar:6.0.12]
	at org.springframework.beans.factory.support.DefaultSingletonBeanRegistry.getSingleton(DefaultSingletonBeanRegistry.java:234) ~[spring-beans-6.0.12.jar:6.0.12]
	at org.springframework.beans.factory.support.AbstractBeanFactory.doGetBean(AbstractBeanFactory.java:323) ~[spring-beans-6.0.12.jar:6.0.12]
	at org.springframework.beans.factory.support.AbstractBeanFactory.getBean(AbstractBeanFactory.java:199) ~[spring-beans-6.0.12.jar:6.0.12]
	at org.springframework.beans.factory.config.DependencyDescriptor.resolveCandidate(DependencyDescriptor.java:254) ~[spring-beans-6.0.12.jar:6.0.12]
	at org.springframework.beans.factory.support.DefaultListableBeanFactory.doResolveDependency(DefaultListableBeanFactory.java:1417) ~[spring-beans-6.0.12.jar:6.0.12]
	at org.springframework.beans.factory.support.DefaultListableBeanFactory.resolveDependency(DefaultListableBeanFactory.java:1337) ~[spring-beans-6.0.12.jar:6.0.12]
	at org.springframework.beans.factory.support.ConstructorResolver.resolveAutowiredArgument(ConstructorResolver.java:910) ~[spring-beans-6.0.12.jar:6.0.12]
	at org.springframework.beans.factory.support.ConstructorResolver.createArgumentArray(ConstructorResolver.java:788) ~[spring-beans-6.0.12.jar:6.0.12]
	at org.springframework.beans.factory.support.ConstructorResolver.autowireConstructor(ConstructorResolver.java:240) ~[spring-beans-6.0.12.jar:6.0.12]
	at org.springframework.beans.factory.support.AbstractAutowireCapableBeanFactory.autowireConstructor(AbstractAutowireCapableBeanFactory.java:1352) ~[spring-beans-6.0.12.jar:6.0.12]
	at org.springframework.beans.factory.support.AbstractAutowireCapableBeanFactory.createBeanInstance(AbstractAutowireCapableBeanFactory.java:1189) ~[spring-beans-6.0.12.jar:6.0.12]
	at org.springframework.beans.factory.support.AbstractAutowireCapableBeanFactory.doCreateBean(AbstractAutowireCapableBeanFactory.java:560) ~[spring-beans-6.0.12.jar:6.0.12]
	at org.springframework.beans.factory.support.AbstractAutowireCapableBeanFactory.createBean(AbstractAutowireCapableBeanFactory.java:520) ~[spring-beans-6.0.12.jar:6.0.12]
	at org.springframework.beans.factory.support.AbstractBeanFactory.lambda$doGetBean$0(AbstractBeanFactory.java:325) ~[spring-beans-6.0.12.jar:6.0.12]
	at org.springframework.beans.factory.support.DefaultSingletonBeanRegistry.getSingleton(DefaultSingletonBeanRegistry.java:234) ~[spring-beans-6.0.12.jar:6.0.12]
	at org.springframework.beans.factory.support.AbstractBeanFactory.doGetBean(AbstractBeanFactory.java:323) ~[spring-beans-6.0.12.jar:6.0.12]
	at org.springframework.beans.factory.support.AbstractBeanFactory.getBean(AbstractBeanFactory.java:204) ~[spring-beans-6.0.12.jar:6.0.12]
	at org.springframework.boot.web.servlet.ServletContextInitializerBeans.getOrderedBeansOfType(ServletContextInitializerBeans.java:210) ~[spring-boot-3.1.4.jar:3.1.4]
	at org.springframework.boot.web.servlet.ServletContextInitializerBeans.addAsRegistrationBean(ServletContextInitializerBeans.java:173) ~[spring-boot-3.1.4.jar:3.1.4]
	at org.springframework.boot.web.servlet.ServletContextInitializerBeans.addAsRegistrationBean(ServletContextInitializerBeans.java:168) ~[spring-boot-3.1.4.jar:3.1.4]
	at org.springframework.boot.web.servlet.ServletContextInitializerBeans.addAdaptableBeans(ServletContextInitializerBeans.java:153) ~[spring-boot-3.1.4.jar:3.1.4]
	at org.springframework.boot.web.servlet.ServletContextInitializerBeans.<init>(ServletContextInitializerBeans.java:86) ~[spring-boot-3.1.4.jar:3.1.4]
	at org.springframework.boot.web.servlet.context.ServletWebServerApplicationContext.getServletContextInitializerBeans(ServletWebServerApplicationContext.java:261) ~[spring-boot-3.1.4.jar:3.1.4]
	at org.springframework.boot.web.servlet.context.ServletWebServerApplicationContext.selfInitialize(ServletWebServerApplicationContext.java:235) ~[spring-boot-3.1.4.jar:3.1.4]
	at org.springframework.boot.web.embedded.tomcat.TomcatStarter.onStartup(TomcatStarter.java:52) ~[spring-boot-3.1.4.jar:3.1.4]
	at org.apache.catalina.core.StandardContext.startInternal(StandardContext.java:4850) ~[tomcat-embed-core-10.1.13.jar:10.1.13]
	at org.apache.catalina.util.LifecycleBase.start(LifecycleBase.java:171) ~[tomcat-embed-core-10.1.13.jar:10.1.13]
	at org.apache.catalina.core.ContainerBase$StartChild.call(ContainerBase.java:1332) ~[tomcat-embed-core-10.1.13.jar:10.1.13]
	at org.apache.catalina.core.ContainerBase$StartChild.call(ContainerBase.java:1322) ~[tomcat-embed-core-10.1.13.jar:10.1.13]
	at java.base/java.util.concurrent.FutureTask.run(FutureTask.java:264) ~[na:na]
	at org.apache.tomcat.util.threads.InlineExecutorService.execute(InlineExecutorService.java:75) ~[tomcat-embed-core-10.1.13.jar:10.1.13]
	at java.base/java.util.concurrent.AbstractExecutorService.submit(AbstractExecutorService.java:145) ~[na:na]
	at org.apache.catalina.core.ContainerBase.startInternal(ContainerBase.java:866) ~[tomcat-embed-core-10.1.13.jar:10.1.13]
	at org.apache.catalina.core.StandardHost.startInternal(StandardHost.java:846) ~[tomcat-embed-core-10.1.13.jar:10.1.13]
	at org.apache.catalina.util.LifecycleBase.start(LifecycleBase.java:171) ~[tomcat-embed-core-10.1.13.jar:10.1.13]
	at org.apache.catalina.core.ContainerBase$StartChild.call(ContainerBase.java:1332) ~[tomcat-embed-core-10.1.13.jar:10.1.13]
	at org.apache.catalina.core.ContainerBase$StartChild.call(ContainerBase.java:1322) ~[tomcat-embed-core-10.1.13.jar:10.1.13]
	at java.base/java.util.concurrent.FutureTask.run(FutureTask.java:264) ~[na:na]
	at org.apache.tomcat.util.threads.InlineExecutorService.execute(InlineExecutorService.java:75) ~[tomcat-embed-core-10.1.13.jar:10.1.13]
	at java.base/java.util.concurrent.AbstractExecutorService.submit(AbstractExecutorService.java:145) ~[na:na]
	at org.apache.catalina.core.ContainerBase.startInternal(ContainerBase.java:866) ~[tomcat-embed-core-10.1.13.jar:10.1.13]
	at org.apache.catalina.core.StandardEngine.startInternal(StandardEngine.java:241) ~[tomcat-embed-core-10.1.13.jar:10.1.13]
	at org.apache.catalina.util.LifecycleBase.start(LifecycleBase.java:171) ~[tomcat-embed-core-10.1.13.jar:10.1.13]
	at org.apache.catalina.core.StandardService.startInternal(StandardService.java:433) ~[tomcat-embed-core-10.1.13.jar:10.1.13]
	at org.apache.catalina.util.LifecycleBase.start(LifecycleBase.java:171) ~[tomcat-embed-core-10.1.13.jar:10.1.13]
	at org.apache.catalina.core.StandardServer.startInternal(StandardServer.java:918) ~[tomcat-embed-core-10.1.13.jar:10.1.13]
	at org.apache.catalina.util.LifecycleBase.start(LifecycleBase.java:171) ~[tomcat-embed-core-10.1.13.jar:10.1.13]
	at org.apache.catalina.startup.Tomcat.start(Tomcat.java:485) ~[tomcat-embed-core-10.1.13.jar:10.1.13]
	at org.springframework.boot.web.embedded.tomcat.TomcatWebServer.initialize(TomcatWebServer.java:123) ~[spring-boot-3.1.4.jar:3.1.4]
	at org.springframework.boot.web.embedded.tomcat.TomcatWebServer.<init>(TomcatWebServer.java:104) ~[spring-boot-3.1.4.jar:3.1.4]
	at org.springframework.boot.web.embedded.tomcat.TomcatServletWebServerFactory.getTomcatWebServer(TomcatServletWebServerFactory.java:489) ~[spring-boot-3.1.4.jar:3.1.4]
	at org.springframework.boot.web.embedded.tomcat.TomcatServletWebServerFactory.getWebServer(TomcatServletWebServerFactory.java:211) ~[spring-boot-3.1.4.jar:3.1.4]
	at org.springframework.boot.web.servlet.context.ServletWebServerApplicationContext.createWebServer(ServletWebServerApplicationContext.java:183) ~[spring-boot-3.1.4.jar:3.1.4]
	at org.springframework.boot.web.servlet.context.ServletWebServerApplicationContext.onRefresh(ServletWebServerApplicationContext.java:161) ~[spring-boot-3.1.4.jar:3.1.4]
	at org.springframework.context.support.AbstractApplicationContext.refresh(AbstractApplicationContext.java:602) ~[spring-context-6.0.12.jar:6.0.12]
	at org.springframework.boot.web.servlet.context.ServletWebServerApplicationContext.refresh(ServletWebServerApplicationContext.java:146) ~[spring-boot-3.1.4.jar:3.1.4]
	at org.springframework.boot.SpringApplication.refresh(SpringApplication.java:737) ~[spring-boot-3.1.4.jar:3.1.4]
	at org.springframework.boot.SpringApplication.refreshContext(SpringApplication.java:439) ~[spring-boot-3.1.4.jar:3.1.4]
	at org.springframework.boot.SpringApplication.run(SpringApplication.java:315) ~[spring-boot-3.1.4.jar:3.1.4]
	at org.springframework.boot.SpringApplication.run(SpringApplication.java:1309) ~[spring-boot-3.1.4.jar:3.1.4]
	at org.springframework.boot.SpringApplication.run(SpringApplication.java:1298) ~[spring-boot-3.1.4.jar:3.1.4]
	at com.taskflow.TaskFlowApplication.main(TaskflowApplication.java:9) ~[classes/:na]
	at java.base/jdk.internal.reflect.NativeMethodAccessorImpl.invoke0(Native Method) ~[na:na]
	at java.base/jdk.internal.reflect.NativeMethodAccessorImpl.invoke(NativeMethodAccessorImpl.java:77) ~[na:na]
	at java.base/jdk.internal.reflect.DelegatingMethodAccessorImpl.invoke(DelegatingMethodAccessorImpl.java:43) ~[na:na]
	at java.base/java.lang.reflect.Method.invoke(Method.java:569) ~[na:na]
	at org.springframework.boot.devtools.restart.RestartLauncher.run(RestartLauncher.java:50) ~[spring-boot-devtools-3.1.4.jar:3.1.4]

2026-03-10T15:56:08.606+05:30  INFO 12536 --- [  restartedMain] o.hibernate.jpa.internal.util.LogHelper  : HHH000204: Processing PersistenceUnitInfo [name: default]
2026-03-10T15:56:08.793+05:30  INFO 12536 --- [  restartedMain] org.hibernate.Version                    : HHH000412: Hibernate ORM core version 6.2.9.Final
2026-03-10T15:56:08.802+05:30  INFO 12536 --- [  restartedMain] org.hibernate.cfg.Environment            : HHH000406: Using bytecode reflection optimizer
2026-03-10T15:56:09.243+05:30  INFO 12536 --- [  restartedMain] o.h.b.i.BytecodeProviderInitiator        : HHH000021: Bytecode provider name : bytebuddy
2026-03-10T15:56:09.658+05:30  INFO 12536 --- [  restartedMain] o.s.o.j.p.SpringPersistenceUnitInfo      : No LoadTimeWeaver setup: ignoring JPA class transformer
2026-03-10T15:56:09.712+05:30  INFO 12536 --- [  restartedMain] com.zaxxer.hikari.HikariDataSource       : HikariPool-1 - Starting...
2026-03-10T15:56:10.794+05:30 ERROR 12536 --- [  restartedMain] com.zaxxer.hikari.pool.HikariPool        : HikariPool-1 - Exception during pool initialization.

org.postgresql.util.PSQLException: FATAL: password authentication failed for user "postgres"
	at org.postgresql.core.v3.ConnectionFactoryImpl.doAuthentication(ConnectionFactoryImpl.java:693) ~[postgresql-42.6.0.jar:42.6.0]
	at org.postgresql.core.v3.ConnectionFactoryImpl.tryConnect(ConnectionFactoryImpl.java:203) ~[postgresql-42.6.0.jar:42.6.0]
	at org.postgresql.core.v3.ConnectionFactoryImpl.openConnectionImpl(ConnectionFactoryImpl.java:258) ~[postgresql-42.6.0.jar:42.6.0]
	at org.postgresql.core.ConnectionFactory.openConnection(ConnectionFactory.java:54) ~[postgresql-42.6.0.jar:42.6.0]
	at org.postgresql.jdbc.PgConnection.<init>(PgConnection.java:263) ~[postgresql-42.6.0.jar:42.6.0]
	at org.postgresql.Driver.makeConnection(Driver.java:443) ~[postgresql-42.6.0.jar:42.6.0]
	at org.postgresql.Driver.connect(Driver.java:297) ~[postgresql-42.6.0.jar:42.6.0]
	at com.zaxxer.hikari.util.DriverDataSource.getConnection(DriverDataSource.java:138) ~[HikariCP-5.0.1.jar:na]
	at com.zaxxer.hikari.pool.PoolBase.newConnection(PoolBase.java:359) ~[HikariCP-5.0.1.jar:na]
	at com.zaxxer.hikari.pool.PoolBase.newPoolEntry(PoolBase.java:201) ~[HikariCP-5.0.1.jar:na]
	at com.zaxxer.hikari.pool.HikariPool.createPoolEntry(HikariPool.java:470) ~[HikariCP-5.0.1.jar:na]
	at com.zaxxer.hikari.pool.HikariPool.checkFailFast(HikariPool.java:561) ~[HikariCP-5.0.1.jar:na]
	at com.zaxxer.hikari.pool.HikariPool.<init>(HikariPool.java:100) ~[HikariCP-5.0.1.jar:na]
	at com.zaxxer.hikari.HikariDataSource.getConnection(HikariDataSource.java:112) ~[HikariCP-5.0.1.jar:na]
	at org.hibernate.engine.jdbc.connections.internal.DatasourceConnectionProviderImpl.getConnection(DatasourceConnectionProviderImpl.java:122) ~[hibernate-core-6.2.9.Final.jar:6.2.9.Final]
	at org.hibernate.engine.jdbc.env.internal.JdbcEnvironmentInitiator$ConnectionProviderJdbcConnectionAccess.obtainConnection(JdbcEnvironmentInitiator.java:316) ~[hibernate-core-6.2.9.Final.jar:6.2.9.Final]
	at org.hibernate.engine.jdbc.env.internal.JdbcEnvironmentInitiator.initiateService(JdbcEnvironmentInitiator.java:152) ~[hibernate-core-6.2.9.Final.jar:6.2.9.Final]
	at org.hibernate.engine.jdbc.env.internal.JdbcEnvironmentInitiator.initiateService(JdbcEnvironmentInitiator.java:34) ~[hibernate-core-6.2.9.Final.jar:6.2.9.Final]
	at org.hibernate.boot.registry.internal.StandardServiceRegistryImpl.initiateService(StandardServiceRegistryImpl.java:119) ~[hibernate-core-6.2.9.Final.jar:6.2.9.Final]
	at org.hibernate.service.internal.AbstractServiceRegistryImpl.createService(AbstractServiceRegistryImpl.java:264) ~[hibernate-core-6.2.9.Final.jar:6.2.9.Final]
	at org.hibernate.service.internal.AbstractServiceRegistryImpl.initializeService(AbstractServiceRegistryImpl.java:239) ~[hibernate-core-6.2.9.Final.jar:6.2.9.Final]
	at org.hibernate.service.internal.AbstractServiceRegistryImpl.getService(AbstractServiceRegistryImpl.java:216) ~[hibernate-core-6.2.9.Final.jar:6.2.9.Final]
	at org.hibernate.boot.model.relational.Database.<init>(Database.java:45) ~[hibernate-core-6.2.9.Final.jar:6.2.9.Final]
	at org.hibernate.boot.internal.InFlightMetadataCollectorImpl.getDatabase(InFlightMetadataCollectorImpl.java:231) ~[hibernate-core-6.2.9.Final.jar:6.2.9.Final]
	at org.hibernate.boot.internal.InFlightMetadataCollectorImpl.<init>(InFlightMetadataCollectorImpl.java:199) ~[hibernate-core-6.2.9.Final.jar:6.2.9.Final]
	at org.hibernate.boot.model.process.spi.MetadataBuildingProcess.complete(MetadataBuildingProcess.java:169) ~[hibernate-core-6.2.9.Final.jar:6.2.9.Final]
	at org.hibernate.jpa.boot.internal.EntityManagerFactoryBuilderImpl.metadata(EntityManagerFactoryBuilderImpl.java:1380) ~[hibernate-core-6.2.9.Final.jar:6.2.9.Final]
	at org.hibernate.jpa.boot.internal.EntityManagerFactoryBuilderImpl.build(EntityManagerFactoryBuilderImpl.java:1451) ~[hibernate-core-6.2.9.Final.jar:6.2.9.Final]
	at org.springframework.orm.jpa.vendor.SpringHibernateJpaPersistenceProvider.createContainerEntityManagerFactory(SpringHibernateJpaPersistenceProvider.java:75) ~[spring-orm-6.0.12.jar:6.0.12]
	at org.springframework.orm.jpa.LocalContainerEntityManagerFactoryBean.createNativeEntityManagerFactory(LocalContainerEntityManagerFactoryBean.java:376) ~[spring-orm-6.0.12.jar:6.0.12]
	at org.springframework.orm.jpa.AbstractEntityManagerFactoryBean.buildNativeEntityManagerFactory(AbstractEntityManagerFactoryBean.java:409) ~[spring-orm-6.0.12.jar:6.0.12]
	at org.springframework.orm.jpa.AbstractEntityManagerFactoryBean.afterPropertiesSet(AbstractEntityManagerFactoryBean.java:396) ~[spring-orm-6.0.12.jar:6.0.12]
	at org.springframework.orm.jpa.LocalContainerEntityManagerFactoryBean.afterPropertiesSet(LocalContainerEntityManagerFactoryBean.java:352) ~[spring-orm-6.0.12.jar:6.0.12]
	at org.springframework.beans.factory.support.AbstractAutowireCapableBeanFactory.invokeInitMethods(AbstractAutowireCapableBeanFactory.java:1817) ~[spring-beans-6.0.12.jar:6.0.12]
	at org.springframework.beans.factory.support.AbstractAutowireCapableBeanFactory.initializeBean(AbstractAutowireCapableBeanFactory.java:1766) ~[spring-beans-6.0.12.jar:6.0.12]
	at org.springframework.beans.factory.support.AbstractAutowireCapableBeanFactory.doCreateBean(AbstractAutowireCapableBeanFactory.java:598) ~[spring-beans-6.0.12.jar:6.0.12]
	at org.springframework.beans.factory.support.AbstractAutowireCapableBeanFactory.createBean(AbstractAutowireCapableBeanFactory.java:520) ~[spring-beans-6.0.12.jar:6.0.12]
	at org.springframework.beans.factory.support.AbstractBeanFactory.lambda$doGetBean$0(AbstractBeanFactory.java:325) ~[spring-beans-6.0.12.jar:6.0.12]
	at org.springframework.beans.factory.support.DefaultSingletonBeanRegistry.getSingleton(DefaultSingletonBeanRegistry.java:234) ~[spring-beans-6.0.12.jar:6.0.12]
	at org.springframework.beans.factory.support.AbstractBeanFactory.doGetBean(AbstractBeanFactory.java:323) ~[spring-beans-6.0.12.jar:6.0.12]
	at org.springframework.beans.factory.support.AbstractBeanFactory.getBean(AbstractBeanFactory.java:199) ~[spring-beans-6.0.12.jar:6.0.12]
	at org.springframework.beans.factory.support.BeanDefinitionValueResolver.resolveReference(BeanDefinitionValueResolver.java:365) ~[spring-beans-6.0.12.jar:6.0.12]
	at org.springframework.beans.factory.support.BeanDefinitionValueResolver.resolveValueIfNecessary(BeanDefinitionValueResolver.java:135) ~[spring-beans-6.0.12.jar:6.0.12]
	at org.springframework.beans.factory.support.ConstructorResolver.resolveConstructorArguments(ConstructorResolver.java:688) ~[spring-beans-6.0.12.jar:6.0.12]
	at org.springframework.beans.factory.support.ConstructorResolver.instantiateUsingFactoryMethod(ConstructorResolver.java:512) ~[spring-beans-6.0.12.jar:6.0.12]
	at org.springframework.beans.factory.support.AbstractAutowireCapableBeanFactory.instantiateUsingFactoryMethod(AbstractAutowireCapableBeanFactory.java:1332) ~[spring-beans-6.0.12.jar:6.0.12]
	at org.springframework.beans.factory.support.AbstractAutowireCapableBeanFactory.createBeanInstance(AbstractAutowireCapableBeanFactory.java:1162) ~[spring-beans-6.0.12.jar:6.0.12]
	at org.springframework.beans.factory.support.AbstractAutowireCapableBeanFactory.doCreateBean(AbstractAutowireCapableBeanFactory.java:560) ~[spring-beans-6.0.12.jar:6.0.12]
	at org.springframework.beans.factory.support.AbstractAutowireCapableBeanFactory.createBean(AbstractAutowireCapableBeanFactory.java:520) ~[spring-beans-6.0.12.jar:6.0.12]
	at org.springframework.beans.factory.support.AbstractBeanFactory.lambda$doGetBean$0(AbstractBeanFactory.java:325) ~[spring-beans-6.0.12.jar:6.0.12]
	at org.springframework.beans.factory.support.DefaultSingletonBeanRegistry.getSingleton(DefaultSingletonBeanRegistry.java:234) ~[spring-beans-6.0.12.jar:6.0.12]
	at org.springframework.beans.factory.support.AbstractBeanFactory.doGetBean(AbstractBeanFactory.java:323) ~[spring-beans-6.0.12.jar:6.0.12]
	at org.springframework.beans.factory.support.AbstractBeanFactory.getBean(AbstractBeanFactory.java:199) ~[spring-beans-6.0.12.jar:6.0.12]
	at org.springframework.beans.factory.support.BeanDefinitionValueResolver.resolveReference(BeanDefinitionValueResolver.java:365) ~[spring-beans-6.0.12.jar:6.0.12]
	at org.springframework.beans.factory.support.BeanDefinitionValueResolver.resolveValueIfNecessary(BeanDefinitionValueResolver.java:135) ~[spring-beans-6.0.12.jar:6.0.12]
	at org.springframework.beans.factory.support.AbstractAutowireCapableBeanFactory.applyPropertyValues(AbstractAutowireCapableBeanFactory.java:1682) ~[spring-beans-6.0.12.jar:6.0.12]
	at org.springframework.beans.factory.support.AbstractAutowireCapableBeanFactory.populateBean(AbstractAutowireCapableBeanFactory.java:1431) ~[spring-beans-6.0.12.jar:6.0.12]
	at org.springframework.beans.factory.support.AbstractAutowireCapableBeanFactory.doCreateBean(AbstractAutowireCapableBeanFactory.java:597) ~[spring-beans-6.0.12.jar:6.0.12]
	at org.springframework.beans.factory.support.AbstractAutowireCapableBeanFactory.createBean(AbstractAutowireCapableBeanFactory.java:520) ~[spring-beans-6.0.12.jar:6.0.12]
	at org.springframework.beans.factory.support.AbstractBeanFactory.lambda$doGetBean$0(AbstractBeanFactory.java:325) ~[spring-beans-6.0.12.jar:6.0.12]
	at org.springframework.beans.factory.support.DefaultSingletonBeanRegistry.getSingleton(DefaultSingletonBeanRegistry.java:234) ~[spring-beans-6.0.12.jar:6.0.12]
	at org.springframework.beans.factory.support.AbstractBeanFactory.doGetBean(AbstractBeanFactory.java:323) ~[spring-beans-6.0.12.jar:6.0.12]
	at org.springframework.beans.factory.support.AbstractBeanFactory.getBean(AbstractBeanFactory.java:199) ~[spring-beans-6.0.12.jar:6.0.12]
	at org.springframework.beans.factory.config.DependencyDescriptor.resolveCandidate(DependencyDescriptor.java:254) ~[spring-beans-6.0.12.jar:6.0.12]
	at org.springframework.beans.factory.support.DefaultListableBeanFactory.doResolveDependency(DefaultListableBeanFactory.java:1417) ~[spring-beans-6.0.12.jar:6.0.12]
	at org.springframework.beans.factory.support.DefaultListableBeanFactory.resolveDependency(DefaultListableBeanFactory.java:1337) ~[spring-beans-6.0.12.jar:6.0.12]
	at org.springframework.beans.factory.support.ConstructorResolver.resolveAutowiredArgument(ConstructorResolver.java:910) ~[spring-beans-6.0.12.jar:6.0.12]
	at org.springframework.beans.factory.support.ConstructorResolver.createArgumentArray(ConstructorResolver.java:788) ~[spring-beans-6.0.12.jar:6.0.12]
	at org.springframework.beans.factory.support.ConstructorResolver.autowireConstructor(ConstructorResolver.java:240) ~[spring-beans-6.0.12.jar:6.0.12]
	at org.springframework.beans.factory.support.AbstractAutowireCapableBeanFactory.autowireConstructor(AbstractAutowireCapableBeanFactory.java:1352) ~[spring-beans-6.0.12.jar:6.0.12]
	at org.springframework.beans.factory.support.AbstractAutowireCapableBeanFactory.createBeanInstance(AbstractAutowireCapableBeanFactory.java:1189) ~[spring-beans-6.0.12.jar:6.0.12]
	at org.springframework.beans.factory.support.AbstractAutowireCapableBeanFactory.doCreateBean(AbstractAutowireCapableBeanFactory.java:560) ~[spring-beans-6.0.12.jar:6.0.12]
	at org.springframework.beans.factory.support.AbstractAutowireCapableBeanFactory.createBean(AbstractAutowireCapableBeanFactory.java:520) ~[spring-beans-6.0.12.jar:6.0.12]
	at org.springframework.beans.factory.support.AbstractBeanFactory.lambda$doGetBean$0(AbstractBeanFactory.java:325) ~[spring-beans-6.0.12.jar:6.0.12]
	at org.springframework.beans.factory.support.DefaultSingletonBeanRegistry.getSingleton(DefaultSingletonBeanRegistry.java:234) ~[spring-beans-6.0.12.jar:6.0.12]
	at org.springframework.beans.factory.support.AbstractBeanFactory.doGetBean(AbstractBeanFactory.java:323) ~[spring-beans-6.0.12.jar:6.0.12]
	at org.springframework.beans.factory.support.AbstractBeanFactory.getBean(AbstractBeanFactory.java:199) ~[spring-beans-6.0.12.jar:6.0.12]
	at org.springframework.beans.factory.config.DependencyDescriptor.resolveCandidate(DependencyDescriptor.java:254) ~[spring-beans-6.0.12.jar:6.0.12]
	at org.springframework.beans.factory.support.DefaultListableBeanFactory.doResolveDependency(DefaultListableBeanFactory.java:1417) ~[spring-beans-6.0.12.jar:6.0.12]
	at org.springframework.beans.factory.support.DefaultListableBeanFactory.resolveDependency(DefaultListableBeanFactory.java:1337) ~[spring-beans-6.0.12.jar:6.0.12]
	at org.springframework.beans.factory.support.ConstructorResolver.resolveAutowiredArgument(ConstructorResolver.java:910) ~[spring-beans-6.0.12.jar:6.0.12]
	at org.springframework.beans.factory.support.ConstructorResolver.createArgumentArray(ConstructorResolver.java:788) ~[spring-beans-6.0.12.jar:6.0.12]
	at org.springframework.beans.factory.support.ConstructorResolver.autowireConstructor(ConstructorResolver.java:240) ~[spring-beans-6.0.12.jar:6.0.12]
	at org.springframework.beans.factory.support.AbstractAutowireCapableBeanFactory.autowireConstructor(AbstractAutowireCapableBeanFactory.java:1352) ~[spring-beans-6.0.12.jar:6.0.12]
	at org.springframework.beans.factory.support.AbstractAutowireCapableBeanFactory.createBeanInstance(AbstractAutowireCapableBeanFactory.java:1189) ~[spring-beans-6.0.12.jar:6.0.12]
	at org.springframework.beans.factory.support.AbstractAutowireCapableBeanFactory.doCreateBean(AbstractAutowireCapableBeanFactory.java:560) ~[spring-beans-6.0.12.jar:6.0.12]
	at org.springframework.beans.factory.support.AbstractAutowireCapableBeanFactory.createBean(AbstractAutowireCapableBeanFactory.java:520) ~[spring-beans-6.0.12.jar:6.0.12]
	at org.springframework.beans.factory.support.AbstractBeanFactory.lambda$doGetBean$0(AbstractBeanFactory.java:325) ~[spring-beans-6.0.12.jar:6.0.12]
	at org.springframework.beans.factory.support.DefaultSingletonBeanRegistry.getSingleton(DefaultSingletonBeanRegistry.java:234) ~[spring-beans-6.0.12.jar:6.0.12]
	at org.springframework.beans.factory.support.AbstractBeanFactory.doGetBean(AbstractBeanFactory.java:323) ~[spring-beans-6.0.12.jar:6.0.12]
	at org.springframework.beans.factory.support.AbstractBeanFactory.getBean(AbstractBeanFactory.java:204) ~[spring-beans-6.0.12.jar:6.0.12]
	at org.springframework.boot.web.servlet.ServletContextInitializerBeans.getOrderedBeansOfType(ServletContextInitializerBeans.java:210) ~[spring-boot-3.1.4.jar:3.1.4]
	at org.springframework.boot.web.servlet.ServletContextInitializerBeans.addAsRegistrationBean(ServletContextInitializerBeans.java:173) ~[spring-boot-3.1.4.jar:3.1.4]
	at org.springframework.boot.web.servlet.ServletContextInitializerBeans.addAsRegistrationBean(ServletContextInitializerBeans.java:168) ~[spring-boot-3.1.4.jar:3.1.4]
	at org.springframework.boot.web.servlet.ServletContextInitializerBeans.addAdaptableBeans(ServletContextInitializerBeans.java:153) ~[spring-boot-3.1.4.jar:3.1.4]
	at org.springframework.boot.web.servlet.ServletContextInitializerBeans.<init>(ServletContextInitializerBeans.java:86) ~[spring-boot-3.1.4.jar:3.1.4]
	at org.springframework.boot.web.servlet.context.ServletWebServerApplicationContext.getServletContextInitializerBeans(ServletWebServerApplicationContext.java:261) ~[spring-boot-3.1.4.jar:3.1.4]
	at org.springframework.boot.web.servlet.context.ServletWebServerApplicationContext.selfInitialize(ServletWebServerApplicationContext.java:235) ~[spring-boot-3.1.4.jar:3.1.4]
	at org.springframework.boot.web.embedded.tomcat.TomcatStarter.onStartup(TomcatStarter.java:52) ~[spring-boot-3.1.4.jar:3.1.4]
	at org.apache.catalina.core.StandardContext.startInternal(StandardContext.java:4850) ~[tomcat-embed-core-10.1.13.jar:10.1.13]
	at org.apache.catalina.util.LifecycleBase.start(LifecycleBase.java:171) ~[tomcat-embed-core-10.1.13.jar:10.1.13]
	at org.apache.catalina.core.ContainerBase$StartChild.call(ContainerBase.java:1332) ~[tomcat-embed-core-10.1.13.jar:10.1.13]
	at org.apache.catalina.core.ContainerBase$StartChild.call(ContainerBase.java:1322) ~[tomcat-embed-core-10.1.13.jar:10.1.13]
	at java.base/java.util.concurrent.FutureTask.run(FutureTask.java:264) ~[na:na]
	at org.apache.tomcat.util.threads.InlineExecutorService.execute(InlineExecutorService.java:75) ~[tomcat-embed-core-10.1.13.jar:10.1.13]
	at java.base/java.util.concurrent.AbstractExecutorService.submit(AbstractExecutorService.java:145) ~[na:na]
	at org.apache.catalina.core.ContainerBase.startInternal(ContainerBase.java:866) ~[tomcat-embed-core-10.1.13.jar:10.1.13]
	at org.apache.catalina.core.StandardHost.startInternal(StandardHost.java:846) ~[tomcat-embed-core-10.1.13.jar:10.1.13]
	at org.apache.catalina.util.LifecycleBase.start(LifecycleBase.java:171) ~[tomcat-embed-core-10.1.13.jar:10.1.13]
	at org.apache.catalina.core.ContainerBase$StartChild.call(ContainerBase.java:1332) ~[tomcat-embed-core-10.1.13.jar:10.1.13]
	at org.apache.catalina.core.ContainerBase$StartChild.call(ContainerBase.java:1322) ~[tomcat-embed-core-10.1.13.jar:10.1.13]
	at java.base/java.util.concurrent.FutureTask.run(FutureTask.java:264) ~[na:na]
	at org.apache.tomcat.util.threads.InlineExecutorService.execute(InlineExecutorService.java:75) ~[tomcat-embed-core-10.1.13.jar:10.1.13]
	at java.base/java.util.concurrent.AbstractExecutorService.submit(AbstractExecutorService.java:145) ~[na:na]
	at org.apache.catalina.core.ContainerBase.startInternal(ContainerBase.java:866) ~[tomcat-embed-core-10.1.13.jar:10.1.13]
	at org.apache.catalina.core.StandardEngine.startInternal(StandardEngine.java:241) ~[tomcat-embed-core-10.1.13.jar:10.1.13]
	at org.apache.catalina.util.LifecycleBase.start(LifecycleBase.java:171) ~[tomcat-embed-core-10.1.13.jar:10.1.13]
	at org.apache.catalina.core.StandardService.startInternal(StandardService.java:433) ~[tomcat-embed-core-10.1.13.jar:10.1.13]
	at org.apache.catalina.util.LifecycleBase.start(LifecycleBase.java:171) ~[tomcat-embed-core-10.1.13.jar:10.1.13]
	at org.apache.catalina.core.StandardServer.startInternal(StandardServer.java:918) ~[tomcat-embed-core-10.1.13.jar:10.1.13]
	at org.apache.catalina.util.LifecycleBase.start(LifecycleBase.java:171) ~[tomcat-embed-core-10.1.13.jar:10.1.13]
	at org.apache.catalina.startup.Tomcat.start(Tomcat.java:485) ~[tomcat-embed-core-10.1.13.jar:10.1.13]
	at org.springframework.boot.web.embedded.tomcat.TomcatWebServer.initialize(TomcatWebServer.java:123) ~[spring-boot-3.1.4.jar:3.1.4]
	at org.springframework.boot.web.embedded.tomcat.TomcatWebServer.<init>(TomcatWebServer.java:104) ~[spring-boot-3.1.4.jar:3.1.4]
	at org.springframework.boot.web.embedded.tomcat.TomcatServletWebServerFactory.getTomcatWebServer(TomcatServletWebServerFactory.java:489) ~[spring-boot-3.1.4.jar:3.1.4]
	at org.springframework.boot.web.embedded.tomcat.TomcatServletWebServerFactory.getWebServer(TomcatServletWebServerFactory.java:211) ~[spring-boot-3.1.4.jar:3.1.4]
	at org.springframework.boot.web.servlet.context.ServletWebServerApplicationContext.createWebServer(ServletWebServerApplicationContext.java:183) ~[spring-boot-3.1.4.jar:3.1.4]
	at org.springframework.boot.web.servlet.context.ServletWebServerApplicationContext.onRefresh(ServletWebServerApplicationContext.java:161) ~[spring-boot-3.1.4.jar:3.1.4]
	at org.springframework.context.support.AbstractApplicationContext.refresh(AbstractApplicationContext.java:602) ~[spring-context-6.0.12.jar:6.0.12]
	at org.springframework.boot.web.servlet.context.ServletWebServerApplicationContext.refresh(ServletWebServerApplicationContext.java:146) ~[spring-boot-3.1.4.jar:3.1.4]
	at org.springframework.boot.SpringApplication.refresh(SpringApplication.java:737) ~[spring-boot-3.1.4.jar:3.1.4]
	at org.springframework.boot.SpringApplication.refreshContext(SpringApplication.java:439) ~[spring-boot-3.1.4.jar:3.1.4]
	at org.springframework.boot.SpringApplication.run(SpringApplication.java:315) ~[spring-boot-3.1.4.jar:3.1.4]
	at org.springframework.boot.SpringApplication.run(SpringApplication.java:1309) ~[spring-boot-3.1.4.jar:3.1.4]
	at org.springframework.boot.SpringApplication.run(SpringApplication.java:1298) ~[spring-boot-3.1.4.jar:3.1.4]
	at com.taskflow.TaskFlowApplication.main(TaskflowApplication.java:9) ~[classes/:na]
	at java.base/jdk.internal.reflect.NativeMethodAccessorImpl.invoke0(Native Method) ~[na:na]
	at java.base/jdk.internal.reflect.NativeMethodAccessorImpl.invoke(NativeMethodAccessorImpl.java:77) ~[na:na]
	at java.base/jdk.internal.reflect.DelegatingMethodAccessorImpl.invoke(DelegatingMethodAccessorImpl.java:43) ~[na:na]
	at java.base/java.lang.reflect.Method.invoke(Method.java:569) ~[na:na]
	at org.springframework.boot.devtools.restart.RestartLauncher.run(RestartLauncher.java:50) ~[spring-boot-devtools-3.1.4.jar:3.1.4]

2026-03-10T15:56:10.801+05:30  WARN 12536 --- [  restartedMain] o.h.e.j.e.i.JdbcEnvironmentInitiator     : HHH000342: Could not obtain connection to query metadata

org.postgresql.util.PSQLException: FATAL: password authentication failed for user "postgres"
	at org.postgresql.core.v3.ConnectionFactoryImpl.doAuthentication(ConnectionFactoryImpl.java:693) ~[postgresql-42.6.0.jar:42.6.0]
	at org.postgresql.core.v3.ConnectionFactoryImpl.tryConnect(ConnectionFactoryImpl.java:203) ~[postgresql-42.6.0.jar:42.6.0]
	at org.postgresql.core.v3.ConnectionFactoryImpl.openConnectionImpl(ConnectionFactoryImpl.java:258) ~[postgresql-42.6.0.jar:42.6.0]
	at org.postgresql.core.ConnectionFactory.openConnection(ConnectionFactory.java:54) ~[postgresql-42.6.0.jar:42.6.0]
	at org.postgresql.jdbc.PgConnection.<init>(PgConnection.java:263) ~[postgresql-42.6.0.jar:42.6.0]
	at org.postgresql.Driver.makeConnection(Driver.java:443) ~[postgresql-42.6.0.jar:42.6.0]
	at org.postgresql.Driver.connect(Driver.java:297) ~[postgresql-42.6.0.jar:42.6.0]
	at com.zaxxer.hikari.util.DriverDataSource.getConnection(DriverDataSource.java:138) ~[HikariCP-5.0.1.jar:na]
	at com.zaxxer.hikari.pool.PoolBase.newConnection(PoolBase.java:359) ~[HikariCP-5.0.1.jar:na]
	at com.zaxxer.hikari.pool.PoolBase.newPoolEntry(PoolBase.java:201) ~[HikariCP-5.0.1.jar:na]
	at com.zaxxer.hikari.pool.HikariPool.createPoolEntry(HikariPool.java:470) ~[HikariCP-5.0.1.jar:na]
	at com.zaxxer.hikari.pool.HikariPool.checkFailFast(HikariPool.java:561) ~[HikariCP-5.0.1.jar:na]
	at com.zaxxer.hikari.pool.HikariPool.<init>(HikariPool.java:100) ~[HikariCP-5.0.1.jar:na]
	at com.zaxxer.hikari.HikariDataSource.getConnection(HikariDataSource.java:112) ~[HikariCP-5.0.1.jar:na]
	at org.hibernate.engine.jdbc.connections.internal.DatasourceConnectionProviderImpl.getConnection(DatasourceConnectionProviderImpl.java:122) ~[hibernate-core-6.2.9.Final.jar:6.2.9.Final]
	at org.hibernate.engine.jdbc.env.internal.JdbcEnvironmentInitiator$ConnectionProviderJdbcConnectionAccess.obtainConnection(JdbcEnvironmentInitiator.java:316) ~[hibernate-core-6.2.9.Final.jar:6.2.9.Final]
	at org.hibernate.engine.jdbc.env.internal.JdbcEnvironmentInitiator.initiateService(JdbcEnvironmentInitiator.java:152) ~[hibernate-core-6.2.9.Final.jar:6.2.9.Final]
	at org.hibernate.engine.jdbc.env.internal.JdbcEnvironmentInitiator.initiateService(JdbcEnvironmentInitiator.java:34) ~[hibernate-core-6.2.9.Final.jar:6.2.9.Final]
	at org.hibernate.boot.registry.internal.StandardServiceRegistryImpl.initiateService(StandardServiceRegistryImpl.java:119) ~[hibernate-core-6.2.9.Final.jar:6.2.9.Final]
	at org.hibernate.service.internal.AbstractServiceRegistryImpl.createService(AbstractServiceRegistryImpl.java:264) ~[hibernate-core-6.2.9.Final.jar:6.2.9.Final]
	at org.hibernate.service.internal.AbstractServiceRegistryImpl.initializeService(AbstractServiceRegistryImpl.java:239) ~[hibernate-core-6.2.9.Final.jar:6.2.9.Final]
	at org.hibernate.service.internal.AbstractServiceRegistryImpl.getService(AbstractServiceRegistryImpl.java:216) ~[hibernate-core-6.2.9.Final.jar:6.2.9.Final]
	at org.hibernate.boot.model.relational.Database.<init>(Database.java:45) ~[hibernate-core-6.2.9.Final.jar:6.2.9.Final]
	at org.hibernate.boot.internal.InFlightMetadataCollectorImpl.getDatabase(InFlightMetadataCollectorImpl.java:231) ~[hibernate-core-6.2.9.Final.jar:6.2.9.Final]
	at org.hibernate.boot.internal.InFlightMetadataCollectorImpl.<init>(InFlightMetadataCollectorImpl.java:199) ~[hibernate-core-6.2.9.Final.jar:6.2.9.Final]
	at org.hibernate.boot.model.process.spi.MetadataBuildingProcess.complete(MetadataBuildingProcess.java:169) ~[hibernate-core-6.2.9.Final.jar:6.2.9.Final]
	at org.hibernate.jpa.boot.internal.EntityManagerFactoryBuilderImpl.metadata(EntityManagerFactoryBuilderImpl.java:1380) ~[hibernate-core-6.2.9.Final.jar:6.2.9.Final]
	at org.hibernate.jpa.boot.internal.EntityManagerFactoryBuilderImpl.build(EntityManagerFactoryBuilderImpl.java:1451) ~[hibernate-core-6.2.9.Final.jar:6.2.9.Final]
	at org.springframework.orm.jpa.vendor.SpringHibernateJpaPersistenceProvider.createContainerEntityManagerFactory(SpringHibernateJpaPersistenceProvider.java:75) ~[spring-orm-6.0.12.jar:6.0.12]
	at org.springframework.orm.jpa.LocalContainerEntityManagerFactoryBean.createNativeEntityManagerFactory(LocalContainerEntityManagerFactoryBean.java:376) ~[spring-orm-6.0.12.jar:6.0.12]
	at org.springframework.orm.jpa.AbstractEntityManagerFactoryBean.buildNativeEntityManagerFactory(AbstractEntityManagerFactoryBean.java:409) ~[spring-orm-6.0.12.jar:6.0.12]
	at org.springframework.orm.jpa.AbstractEntityManagerFactoryBean.afterPropertiesSet(AbstractEntityManagerFactoryBean.java:396) ~[spring-orm-6.0.12.jar:6.0.12]
	at org.springframework.orm.jpa.LocalContainerEntityManagerFactoryBean.afterPropertiesSet(LocalContainerEntityManagerFactoryBean.java:352) ~[spring-orm-6.0.12.jar:6.0.12]
	at org.springframework.beans.factory.support.AbstractAutowireCapableBeanFactory.invokeInitMethods(AbstractAutowireCapableBeanFactory.java:1817) ~[spring-beans-6.0.12.jar:6.0.12]
	at org.springframework.beans.factory.support.AbstractAutowireCapableBeanFactory.initializeBean(AbstractAutowireCapableBeanFactory.java:1766) ~[spring-beans-6.0.12.jar:6.0.12]
	at org.springframework.beans.factory.support.AbstractAutowireCapableBeanFactory.doCreateBean(AbstractAutowireCapableBeanFactory.java:598) ~[spring-beans-6.0.12.jar:6.0.12]
	at org.springframework.beans.factory.support.AbstractAutowireCapableBeanFactory.createBean(AbstractAutowireCapableBeanFactory.java:520) ~[spring-beans-6.0.12.jar:6.0.12]
	at org.springframework.beans.factory.support.AbstractBeanFactory.lambda$doGetBean$0(AbstractBeanFactory.java:325) ~[spring-beans-6.0.12.jar:6.0.12]
	at org.springframework.beans.factory.support.DefaultSingletonBeanRegistry.getSingleton(DefaultSingletonBeanRegistry.java:234) ~[spring-beans-6.0.12.jar:6.0.12]
	at org.springframework.beans.factory.support.AbstractBeanFactory.doGetBean(AbstractBeanFactory.java:323) ~[spring-beans-6.0.12.jar:6.0.12]
	at org.springframework.beans.factory.support.AbstractBeanFactory.getBean(AbstractBeanFactory.java:199) ~[spring-beans-6.0.12.jar:6.0.12]
	at org.springframework.beans.factory.support.BeanDefinitionValueResolver.resolveReference(BeanDefinitionValueResolver.java:365) ~[spring-beans-6.0.12.jar:6.0.12]
	at org.springframework.beans.factory.support.BeanDefinitionValueResolver.resolveValueIfNecessary(BeanDefinitionValueResolver.java:135) ~[spring-beans-6.0.12.jar:6.0.12]
	at org.springframework.beans.factory.support.ConstructorResolver.resolveConstructorArguments(ConstructorResolver.java:688) ~[spring-beans-6.0.12.jar:6.0.12]
	at org.springframework.beans.factory.support.ConstructorResolver.instantiateUsingFactoryMethod(ConstructorResolver.java:512) ~[spring-beans-6.0.12.jar:6.0.12]
	at org.springframework.beans.factory.support.AbstractAutowireCapableBeanFactory.instantiateUsingFactoryMethod(AbstractAutowireCapableBeanFactory.java:1332) ~[spring-beans-6.0.12.jar:6.0.12]
	at org.springframework.beans.factory.support.AbstractAutowireCapableBeanFactory.createBeanInstance(AbstractAutowireCapableBeanFactory.java:1162) ~[spring-beans-6.0.12.jar:6.0.12]
	at org.springframework.beans.factory.support.AbstractAutowireCapableBeanFactory.doCreateBean(AbstractAutowireCapableBeanFactory.java:560) ~[spring-beans-6.0.12.jar:6.0.12]
	at org.springframework.beans.factory.support.AbstractAutowireCapableBeanFactory.createBean(AbstractAutowireCapableBeanFactory.java:520) ~[spring-beans-6.0.12.jar:6.0.12]
	at org.springframework.beans.factory.support.AbstractBeanFactory.lambda$doGetBean$0(AbstractBeanFactory.java:325) ~[spring-beans-6.0.12.jar:6.0.12]
	at org.springframework.beans.factory.support.DefaultSingletonBeanRegistry.getSingleton(DefaultSingletonBeanRegistry.java:234) ~[spring-beans-6.0.12.jar:6.0.12]
	at org.springframework.beans.factory.support.AbstractBeanFactory.doGetBean(AbstractBeanFactory.java:323) ~[spring-beans-6.0.12.jar:6.0.12]
	at org.springframework.beans.factory.support.AbstractBeanFactory.getBean(AbstractBeanFactory.java:199) ~[spring-beans-6.0.12.jar:6.0.12]
	at org.springframework.beans.factory.support.BeanDefinitionValueResolver.resolveReference(BeanDefinitionValueResolver.java:365) ~[spring-beans-6.0.12.jar:6.0.12]
	at org.springframework.beans.factory.support.BeanDefinitionValueResolver.resolveValueIfNecessary(BeanDefinitionValueResolver.java:135) ~[spring-beans-6.0.12.jar:6.0.12]
	at org.springframework.beans.factory.support.AbstractAutowireCapableBeanFactory.applyPropertyValues(AbstractAutowireCapableBeanFactory.java:1682) ~[spring-beans-6.0.12.jar:6.0.12]
	at org.springframework.beans.factory.support.AbstractAutowireCapableBeanFactory.populateBean(AbstractAutowireCapableBeanFactory.java:1431) ~[spring-beans-6.0.12.jar:6.0.12]
	at org.springframework.beans.factory.support.AbstractAutowireCapableBeanFactory.doCreateBean(AbstractAutowireCapableBeanFactory.java:597) ~[spring-beans-6.0.12.jar:6.0.12]
	at org.springframework.beans.factory.support.AbstractAutowireCapableBeanFactory.createBean(AbstractAutowireCapableBeanFactory.java:520) ~[spring-beans-6.0.12.jar:6.0.12]
	at org.springframework.beans.factory.support.AbstractBeanFactory.lambda$doGetBean$0(AbstractBeanFactory.java:325) ~[spring-beans-6.0.12.jar:6.0.12]
	at org.springframework.beans.factory.support.DefaultSingletonBeanRegistry.getSingleton(DefaultSingletonBeanRegistry.java:234) ~[spring-beans-6.0.12.jar:6.0.12]
	at org.springframework.beans.factory.support.AbstractBeanFactory.doGetBean(AbstractBeanFactory.java:323) ~[spring-beans-6.0.12.jar:6.0.12]
	at org.springframework.beans.factory.support.AbstractBeanFactory.getBean(AbstractBeanFactory.java:199) ~[spring-beans-6.0.12.jar:6.0.12]
	at org.springframework.beans.factory.config.DependencyDescriptor.resolveCandidate(DependencyDescriptor.java:254) ~[spring-beans-6.0.12.jar:6.0.12]
	at org.springframework.beans.factory.support.DefaultListableBeanFactory.doResolveDependency(DefaultListableBeanFactory.java:1417) ~[spring-beans-6.0.12.jar:6.0.12]
	at org.springframework.beans.factory.support.DefaultListableBeanFactory.resolveDependency(DefaultListableBeanFactory.java:1337) ~[spring-beans-6.0.12.jar:6.0.12]
	at org.springframework.beans.factory.support.ConstructorResolver.resolveAutowiredArgument(ConstructorResolver.java:910) ~[spring-beans-6.0.12.jar:6.0.12]
	at org.springframework.beans.factory.support.ConstructorResolver.createArgumentArray(ConstructorResolver.java:788) ~[spring-beans-6.0.12.jar:6.0.12]
	at org.springframework.beans.factory.support.ConstructorResolver.autowireConstructor(ConstructorResolver.java:240) ~[spring-beans-6.0.12.jar:6.0.12]
	at org.springframework.beans.factory.support.AbstractAutowireCapableBeanFactory.autowireConstructor(AbstractAutowireCapableBeanFactory.java:1352) ~[spring-beans-6.0.12.jar:6.0.12]
	at org.springframework.beans.factory.support.AbstractAutowireCapableBeanFactory.createBeanInstance(AbstractAutowireCapableBeanFactory.java:1189) ~[spring-beans-6.0.12.jar:6.0.12]
	at org.springframework.beans.factory.support.AbstractAutowireCapableBeanFactory.doCreateBean(AbstractAutowireCapableBeanFactory.java:560) ~[spring-beans-6.0.12.jar:6.0.12]
	at org.springframework.beans.factory.support.AbstractAutowireCapableBeanFactory.createBean(AbstractAutowireCapableBeanFactory.java:520) ~[spring-beans-6.0.12.jar:6.0.12]
	at org.springframework.beans.factory.support.AbstractBeanFactory.lambda$doGetBean$0(AbstractBeanFactory.java:325) ~[spring-beans-6.0.12.jar:6.0.12]
	at org.springframework.beans.factory.support.DefaultSingletonBeanRegistry.getSingleton(DefaultSingletonBeanRegistry.java:234) ~[spring-beans-6.0.12.jar:6.0.12]
	at org.springframework.beans.factory.support.AbstractBeanFactory.doGetBean(AbstractBeanFactory.java:323) ~[spring-beans-6.0.12.jar:6.0.12]
	at org.springframework.beans.factory.support.AbstractBeanFactory.getBean(AbstractBeanFactory.java:199) ~[spring-beans-6.0.12.jar:6.0.12]
	at org.springframework.beans.factory.config.DependencyDescriptor.resolveCandidate(DependencyDescriptor.java:254) ~[spring-beans-6.0.12.jar:6.0.12]
	at org.springframework.beans.factory.support.DefaultListableBeanFactory.doResolveDependency(DefaultListableBeanFactory.java:1417) ~[spring-beans-6.0.12.jar:6.0.12]
	at org.springframework.beans.factory.support.DefaultListableBeanFactory.resolveDependency(DefaultListableBeanFactory.java:1337) ~[spring-beans-6.0.12.jar:6.0.12]
	at org.springframework.beans.factory.support.ConstructorResolver.resolveAutowiredArgument(ConstructorResolver.java:910) ~[spring-beans-6.0.12.jar:6.0.12]
	at org.springframework.beans.factory.support.ConstructorResolver.createArgumentArray(ConstructorResolver.java:788) ~[spring-beans-6.0.12.jar:6.0.12]
	at org.springframework.beans.factory.support.ConstructorResolver.autowireConstructor(ConstructorResolver.java:240) ~[spring-beans-6.0.12.jar:6.0.12]
	at org.springframework.beans.factory.support.AbstractAutowireCapableBeanFactory.autowireConstructor(AbstractAutowireCapableBeanFactory.java:1352) ~[spring-beans-6.0.12.jar:6.0.12]
	at org.springframework.beans.factory.support.AbstractAutowireCapableBeanFactory.createBeanInstance(AbstractAutowireCapableBeanFactory.java:1189) ~[spring-beans-6.0.12.jar:6.0.12]
	at org.springframework.beans.factory.support.AbstractAutowireCapableBeanFactory.doCreateBean(AbstractAutowireCapableBeanFactory.java:560) ~[spring-beans-6.0.12.jar:6.0.12]
	at org.springframework.beans.factory.support.AbstractAutowireCapableBeanFactory.createBean(AbstractAutowireCapableBeanFactory.java:520) ~[spring-beans-6.0.12.jar:6.0.12]
	at org.springframework.beans.factory.support.AbstractBeanFactory.lambda$doGetBean$0(AbstractBeanFactory.java:325) ~[spring-beans-6.0.12.jar:6.0.12]
	at org.springframework.beans.factory.support.DefaultSingletonBeanRegistry.getSingleton(DefaultSingletonBeanRegistry.java:234) ~[spring-beans-6.0.12.jar:6.0.12]
	at org.springframework.beans.factory.support.AbstractBeanFactory.doGetBean(AbstractBeanFactory.java:323) ~[spring-beans-6.0.12.jar:6.0.12]
	at org.springframework.beans.factory.support.AbstractBeanFactory.getBean(AbstractBeanFactory.java:204) ~[spring-beans-6.0.12.jar:6.0.12]
	at org.springframework.boot.web.servlet.ServletContextInitializerBeans.getOrderedBeansOfType(ServletContextInitializerBeans.java:210) ~[spring-boot-3.1.4.jar:3.1.4]
	at org.springframework.boot.web.servlet.ServletContextInitializerBeans.addAsRegistrationBean(ServletContextInitializerBeans.java:173) ~[spring-boot-3.1.4.jar:3.1.4]
	at org.springframework.boot.web.servlet.ServletContextInitializerBeans.addAsRegistrationBean(ServletContextInitializerBeans.java:168) ~[spring-boot-3.1.4.jar:3.1.4]
	at org.springframework.boot.web.servlet.ServletContextInitializerBeans.addAdaptableBeans(ServletContextInitializerBeans.java:153) ~[spring-boot-3.1.4.jar:3.1.4]
	at org.springframework.boot.web.servlet.ServletContextInitializerBeans.<init>(ServletContextInitializerBeans.java:86) ~[spring-boot-3.1.4.jar:3.1.4]
	at org.springframework.boot.web.servlet.context.ServletWebServerApplicationContext.getServletContextInitializerBeans(ServletWebServerApplicationContext.java:261) ~[spring-boot-3.1.4.jar:3.1.4]
	at org.springframework.boot.web.servlet.context.ServletWebServerApplicationContext.selfInitialize(ServletWebServerApplicationContext.java:235) ~[spring-boot-3.1.4.jar:3.1.4]
	at org.springframework.boot.web.embedded.tomcat.TomcatStarter.onStartup(TomcatStarter.java:52) ~[spring-boot-3.1.4.jar:3.1.4]
	at org.apache.catalina.core.StandardContext.startInternal(StandardContext.java:4850) ~[tomcat-embed-core-10.1.13.jar:10.1.13]
	at org.apache.catalina.util.LifecycleBase.start(LifecycleBase.java:171) ~[tomcat-embed-core-10.1.13.jar:10.1.13]
	at org.apache.catalina.core.ContainerBase$StartChild.call(ContainerBase.java:1332) ~[tomcat-embed-core-10.1.13.jar:10.1.13]
	at org.apache.catalina.core.ContainerBase$StartChild.call(ContainerBase.java:1322) ~[tomcat-embed-core-10.1.13.jar:10.1.13]
	at java.base/java.util.concurrent.FutureTask.run(FutureTask.java:264) ~[na:na]
	at org.apache.tomcat.util.threads.InlineExecutorService.execute(InlineExecutorService.java:75) ~[tomcat-embed-core-10.1.13.jar:10.1.13]
	at java.base/java.util.concurrent.AbstractExecutorService.submit(AbstractExecutorService.java:145) ~[na:na]
	at org.apache.catalina.core.ContainerBase.startInternal(ContainerBase.java:866) ~[tomcat-embed-core-10.1.13.jar:10.1.13]
	at org.apache.catalina.core.StandardHost.startInternal(StandardHost.java:846) ~[tomcat-embed-core-10.1.13.jar:10.1.13]
	at org.apache.catalina.util.LifecycleBase.start(LifecycleBase.java:171) ~[tomcat-embed-core-10.1.13.jar:10.1.13]
	at org.apache.catalina.core.ContainerBase$StartChild.call(ContainerBase.java:1332) ~[tomcat-embed-core-10.1.13.jar:10.1.13]
	at org.apache.catalina.core.ContainerBase$StartChild.call(ContainerBase.java:1322) ~[tomcat-embed-core-10.1.13.jar:10.1.13]
	at java.base/java.util.concurrent.FutureTask.run(FutureTask.java:264) ~[na:na]
	at org.apache.tomcat.util.threads.InlineExecutorService.execute(InlineExecutorService.java:75) ~[tomcat-embed-core-10.1.13.jar:10.1.13]
	at java.base/java.util.concurrent.AbstractExecutorService.submit(AbstractExecutorService.java:145) ~[na:na]
	at org.apache.catalina.core.ContainerBase.startInternal(ContainerBase.java:866) ~[tomcat-embed-core-10.1.13.jar:10.1.13]
	at org.apache.catalina.core.StandardEngine.startInternal(StandardEngine.java:241) ~[tomcat-embed-core-10.1.13.jar:10.1.13]
	at org.apache.catalina.util.LifecycleBase.start(LifecycleBase.java:171) ~[tomcat-embed-core-10.1.13.jar:10.1.13]
	at org.apache.catalina.core.StandardService.startInternal(StandardService.java:433) ~[tomcat-embed-core-10.1.13.jar:10.1.13]
	at org.apache.catalina.util.LifecycleBase.start(LifecycleBase.java:171) ~[tomcat-embed-core-10.1.13.jar:10.1.13]
	at org.apache.catalina.core.StandardServer.startInternal(StandardServer.java:918) ~[tomcat-embed-core-10.1.13.jar:10.1.13]
	at org.apache.catalina.util.LifecycleBase.start(LifecycleBase.java:171) ~[tomcat-embed-core-10.1.13.jar:10.1.13]
	at org.apache.catalina.startup.Tomcat.start(Tomcat.java:485) ~[tomcat-embed-core-10.1.13.jar:10.1.13]
	at org.springframework.boot.web.embedded.tomcat.TomcatWebServer.initialize(TomcatWebServer.java:123) ~[spring-boot-3.1.4.jar:3.1.4]
	at org.springframework.boot.web.embedded.tomcat.TomcatWebServer.<init>(TomcatWebServer.java:104) ~[spring-boot-3.1.4.jar:3.1.4]
	at org.springframework.boot.web.embedded.tomcat.TomcatServletWebServerFactory.getTomcatWebServer(TomcatServletWebServerFactory.java:489) ~[spring-boot-3.1.4.jar:3.1.4]
	at org.springframework.boot.web.embedded.tomcat.TomcatServletWebServerFactory.getWebServer(TomcatServletWebServerFactory.java:211) ~[spring-boot-3.1.4.jar:3.1.4]
	at org.springframework.boot.web.servlet.context.ServletWebServerApplicationContext.createWebServer(ServletWebServerApplicationContext.java:183) ~[spring-boot-3.1.4.jar:3.1.4]
	at org.springframework.boot.web.servlet.context.ServletWebServerApplicationContext.onRefresh(ServletWebServerApplicationContext.java:161) ~[spring-boot-3.1.4.jar:3.1.4]
	at org.springframework.context.support.AbstractApplicationContext.refresh(AbstractApplicationContext.java:602) ~[spring-context-6.0.12.jar:6.0.12]
	at org.springframework.boot.web.servlet.context.ServletWebServerApplicationContext.refresh(ServletWebServerApplicationContext.java:146) ~[spring-boot-3.1.4.jar:3.1.4]
	at org.springframework.boot.SpringApplication.refresh(SpringApplication.java:737) ~[spring-boot-3.1.4.jar:3.1.4]
	at org.springframework.boot.SpringApplication.refreshContext(SpringApplication.java:439) ~[spring-boot-3.1.4.jar:3.1.4]
	at org.springframework.boot.SpringApplication.run(SpringApplication.java:315) ~[spring-boot-3.1.4.jar:3.1.4]
	at org.springframework.boot.SpringApplication.run(SpringApplication.java:1309) ~[spring-boot-3.1.4.jar:3.1.4]
	at org.springframework.boot.SpringApplication.run(SpringApplication.java:1298) ~[spring-boot-3.1.4.jar:3.1.4]
	at com.taskflow.TaskFlowApplication.main(TaskflowApplication.java:9) ~[classes/:na]
	at java.base/jdk.internal.reflect.NativeMethodAccessorImpl.invoke0(Native Method) ~[na:na]
	at java.base/jdk.internal.reflect.NativeMethodAccessorImpl.invoke(NativeMethodAccessorImpl.java:77) ~[na:na]
	at java.base/jdk.internal.reflect.DelegatingMethodAccessorImpl.invoke(DelegatingMethodAccessorImpl.java:43) ~[na:na]
	at java.base/java.lang.reflect.Method.invoke(Method.java:569) ~[na:na]
	at org.springframework.boot.devtools.restart.RestartLauncher.run(RestartLauncher.java:50) ~[spring-boot-devtools-3.1.4.jar:3.1.4]

2026-03-10T15:56:11.429+05:30  INFO 12536 --- [  restartedMain] o.h.b.i.BytecodeProviderInitiator        : HHH000021: Bytecode provider name : bytebuddy
2026-03-10T15:56:13.202+05:30  INFO 12536 --- [  restartedMain] o.h.e.t.j.p.i.JtaPlatformInitiator       : HHH000490: Using JtaPlatform implementation: [org.hibernate.engine.transaction.jta.platform.internal.NoJtaPlatform]
2026-03-10T15:56:13.257+05:30  INFO 12536 --- [  restartedMain] com.zaxxer.hikari.HikariDataSource       : HikariPool-1 - Starting...
2026-03-10T15:56:14.329+05:30 ERROR 12536 --- [  restartedMain] com.zaxxer.hikari.pool.HikariPool        : HikariPool-1 - Exception during pool initialization.

org.postgresql.util.PSQLException: FATAL: password authentication failed for user "postgres"
	at org.postgresql.core.v3.ConnectionFactoryImpl.doAuthentication(ConnectionFactoryImpl.java:693) ~[postgresql-42.6.0.jar:42.6.0]
	at org.postgresql.core.v3.ConnectionFactoryImpl.tryConnect(ConnectionFactoryImpl.java:203) ~[postgresql-42.6.0.jar:42.6.0]
	at org.postgresql.core.v3.ConnectionFactoryImpl.openConnectionImpl(ConnectionFactoryImpl.java:258) ~[postgresql-42.6.0.jar:42.6.0]
	at org.postgresql.core.ConnectionFactory.openConnection(ConnectionFactory.java:54) ~[postgresql-42.6.0.jar:42.6.0]
	at org.postgresql.jdbc.PgConnection.<init>(PgConnection.java:263) ~[postgresql-42.6.0.jar:42.6.0]
	at org.postgresql.Driver.makeConnection(Driver.java:443) ~[postgresql-42.6.0.jar:42.6.0]
	at org.postgresql.Driver.connect(Driver.java:297) ~[postgresql-42.6.0.jar:42.6.0]
	at com.zaxxer.hikari.util.DriverDataSource.getConnection(DriverDataSource.java:138) ~[HikariCP-5.0.1.jar:na]
	at com.zaxxer.hikari.pool.PoolBase.newConnection(PoolBase.java:359) ~[HikariCP-5.0.1.jar:na]
	at com.zaxxer.hikari.pool.PoolBase.newPoolEntry(PoolBase.java:201) ~[HikariCP-5.0.1.jar:na]
	at com.zaxxer.hikari.pool.HikariPool.createPoolEntry(HikariPool.java:470) ~[HikariCP-5.0.1.jar:na]
	at com.zaxxer.hikari.pool.HikariPool.checkFailFast(HikariPool.java:561) ~[HikariCP-5.0.1.jar:na]
	at com.zaxxer.hikari.pool.HikariPool.<init>(HikariPool.java:100) ~[HikariCP-5.0.1.jar:na]
	at com.zaxxer.hikari.HikariDataSource.getConnection(HikariDataSource.java:112) ~[HikariCP-5.0.1.jar:na]
	at org.hibernate.engine.jdbc.connections.internal.DatasourceConnectionProviderImpl.getConnection(DatasourceConnectionProviderImpl.java:122) ~[hibernate-core-6.2.9.Final.jar:6.2.9.Final]
	at org.hibernate.engine.jdbc.env.internal.JdbcEnvironmentInitiator$ConnectionProviderJdbcConnectionAccess.obtainConnection(JdbcEnvironmentInitiator.java:316) ~[hibernate-core-6.2.9.Final.jar:6.2.9.Final]
	at org.hibernate.resource.transaction.backend.jdbc.internal.DdlTransactionIsolatorNonJtaImpl.getIsolatedConnection(DdlTransactionIsolatorNonJtaImpl.java:46) ~[hibernate-core-6.2.9.Final.jar:6.2.9.Final]
	at org.hibernate.resource.transaction.backend.jdbc.internal.DdlTransactionIsolatorNonJtaImpl.getIsolatedConnection(DdlTransactionIsolatorNonJtaImpl.java:39) ~[hibernate-core-6.2.9.Final.jar:6.2.9.Final]
	at org.hibernate.tool.schema.internal.exec.ImprovedExtractionContextImpl.getJdbcConnection(ImprovedExtractionContextImpl.java:63) ~[hibernate-core-6.2.9.Final.jar:6.2.9.Final]
	at org.hibernate.tool.schema.extract.spi.ExtractionContext.getQueryResults(ExtractionContext.java:43) ~[hibernate-core-6.2.9.Final.jar:6.2.9.Final]
	at org.hibernate.tool.schema.extract.internal.SequenceInformationExtractorLegacyImpl.extractMetadata(SequenceInformationExtractorLegacyImpl.java:39) ~[hibernate-core-6.2.9.Final.jar:6.2.9.Final]
	at org.hibernate.tool.schema.extract.internal.DatabaseInformationImpl.initializeSequences(DatabaseInformationImpl.java:66) ~[hibernate-core-6.2.9.Final.jar:6.2.9.Final]
	at org.hibernate.tool.schema.extract.internal.DatabaseInformationImpl.<init>(DatabaseInformationImpl.java:60) ~[hibernate-core-6.2.9.Final.jar:6.2.9.Final]
	at org.hibernate.tool.schema.internal.Helper.buildDatabaseInformation(Helper.java:187) ~[hibernate-core-6.2.9.Final.jar:6.2.9.Final]
	at org.hibernate.tool.schema.internal.AbstractSchemaMigrator.doMigration(AbstractSchemaMigrator.java:98) ~[hibernate-core-6.2.9.Final.jar:6.2.9.Final]
	at org.hibernate.tool.schema.spi.SchemaManagementToolCoordinator.performDatabaseAction(SchemaManagementToolCoordinator.java:284) ~[hibernate-core-6.2.9.Final.jar:6.2.9.Final]
	at org.hibernate.tool.schema.spi.SchemaManagementToolCoordinator.lambda$process$5(SchemaManagementToolCoordinator.java:143) ~[hibernate-core-6.2.9.Final.jar:6.2.9.Final]
	at java.base/java.util.HashMap.forEach(HashMap.java:1421) ~[na:na]
	at org.hibernate.tool.schema.spi.SchemaManagementToolCoordinator.process(SchemaManagementToolCoordinator.java:140) ~[hibernate-core-6.2.9.Final.jar:6.2.9.Final]
	at org.hibernate.boot.internal.SessionFactoryObserverForSchemaExport.sessionFactoryCreated(SessionFactoryObserverForSchemaExport.java:37) ~[hibernate-core-6.2.9.Final.jar:6.2.9.Final]
	at org.hibernate.internal.SessionFactoryObserverChain.sessionFactoryCreated(SessionFactoryObserverChain.java:35) ~[hibernate-core-6.2.9.Final.jar:6.2.9.Final]
	at org.hibernate.internal.SessionFactoryImpl.<init>(SessionFactoryImpl.java:293) ~[hibernate-core-6.2.9.Final.jar:6.2.9.Final]
	at org.hibernate.boot.internal.SessionFactoryBuilderImpl.build(SessionFactoryBuilderImpl.java:444) ~[hibernate-core-6.2.9.Final.jar:6.2.9.Final]
	at org.hibernate.jpa.boot.internal.EntityManagerFactoryBuilderImpl.build(EntityManagerFactoryBuilderImpl.java:1455) ~[hibernate-core-6.2.9.Final.jar:6.2.9.Final]
	at org.springframework.orm.jpa.vendor.SpringHibernateJpaPersistenceProvider.createContainerEntityManagerFactory(SpringHibernateJpaPersistenceProvider.java:75) ~[spring-orm-6.0.12.jar:6.0.12]
	at org.springframework.orm.jpa.LocalContainerEntityManagerFactoryBean.createNativeEntityManagerFactory(LocalContainerEntityManagerFactoryBean.java:376) ~[spring-orm-6.0.12.jar:6.0.12]
	at org.springframework.orm.jpa.AbstractEntityManagerFactoryBean.buildNativeEntityManagerFactory(AbstractEntityManagerFactoryBean.java:409) ~[spring-orm-6.0.12.jar:6.0.12]
	at org.springframework.orm.jpa.AbstractEntityManagerFactoryBean.afterPropertiesSet(AbstractEntityManagerFactoryBean.java:396) ~[spring-orm-6.0.12.jar:6.0.12]
	at org.springframework.orm.jpa.LocalContainerEntityManagerFactoryBean.afterPropertiesSet(LocalContainerEntityManagerFactoryBean.java:352) ~[spring-orm-6.0.12.jar:6.0.12]
	at org.springframework.beans.factory.support.AbstractAutowireCapableBeanFactory.invokeInitMethods(AbstractAutowireCapableBeanFactory.java:1817) ~[spring-beans-6.0.12.jar:6.0.12]
	at org.springframework.beans.factory.support.AbstractAutowireCapableBeanFactory.initializeBean(AbstractAutowireCapableBeanFactory.java:1766) ~[spring-beans-6.0.12.jar:6.0.12]
	at org.springframework.beans.factory.support.AbstractAutowireCapableBeanFactory.doCreateBean(AbstractAutowireCapableBeanFactory.java:598) ~[spring-beans-6.0.12.jar:6.0.12]
	at org.springframework.beans.factory.support.AbstractAutowireCapableBeanFactory.createBean(AbstractAutowireCapableBeanFactory.java:520) ~[spring-beans-6.0.12.jar:6.0.12]
	at org.springframework.beans.factory.support.AbstractBeanFactory.lambda$doGetBean$0(AbstractBeanFactory.java:325) ~[spring-beans-6.0.12.jar:6.0.12]
	at org.springframework.beans.factory.support.DefaultSingletonBeanRegistry.getSingleton(DefaultSingletonBeanRegistry.java:234) ~[spring-beans-6.0.12.jar:6.0.12]
	at org.springframework.beans.factory.support.AbstractBeanFactory.doGetBean(AbstractBeanFactory.java:323) ~[spring-beans-6.0.12.jar:6.0.12]
	at org.springframework.beans.factory.support.AbstractBeanFactory.getBean(AbstractBeanFactory.java:199) ~[spring-beans-6.0.12.jar:6.0.12]
	at org.springframework.beans.factory.support.BeanDefinitionValueResolver.resolveReference(BeanDefinitionValueResolver.java:365) ~[spring-beans-6.0.12.jar:6.0.12]
	at org.springframework.beans.factory.support.BeanDefinitionValueResolver.resolveValueIfNecessary(BeanDefinitionValueResolver.java:135) ~[spring-beans-6.0.12.jar:6.0.12]
	at org.springframework.beans.factory.support.ConstructorResolver.resolveConstructorArguments(ConstructorResolver.java:688) ~[spring-beans-6.0.12.jar:6.0.12]
	at org.springframework.beans.factory.support.ConstructorResolver.instantiateUsingFactoryMethod(ConstructorResolver.java:512) ~[spring-beans-6.0.12.jar:6.0.12]
	at org.springframework.beans.factory.support.AbstractAutowireCapableBeanFactory.instantiateUsingFactoryMethod(AbstractAutowireCapableBeanFactory.java:1332) ~[spring-beans-6.0.12.jar:6.0.12]
	at org.springframework.beans.factory.support.AbstractAutowireCapableBeanFactory.createBeanInstance(AbstractAutowireCapableBeanFactory.java:1162) ~[spring-beans-6.0.12.jar:6.0.12]
	at org.springframework.beans.factory.support.AbstractAutowireCapableBeanFactory.doCreateBean(AbstractAutowireCapableBeanFactory.java:560) ~[spring-beans-6.0.12.jar:6.0.12]
	at org.springframework.beans.factory.support.AbstractAutowireCapableBeanFactory.createBean(AbstractAutowireCapableBeanFactory.java:520) ~[spring-beans-6.0.12.jar:6.0.12]
	at org.springframework.beans.factory.support.AbstractBeanFactory.lambda$doGetBean$0(AbstractBeanFactory.java:325) ~[spring-beans-6.0.12.jar:6.0.12]
	at org.springframework.beans.factory.support.DefaultSingletonBeanRegistry.getSingleton(DefaultSingletonBeanRegistry.java:234) ~[spring-beans-6.0.12.jar:6.0.12]
	at org.springframework.beans.factory.support.AbstractBeanFactory.doGetBean(AbstractBeanFactory.java:323) ~[spring-beans-6.0.12.jar:6.0.12]
	at org.springframework.beans.factory.support.AbstractBeanFactory.getBean(AbstractBeanFactory.java:199) ~[spring-beans-6.0.12.jar:6.0.12]
	at org.springframework.beans.factory.support.BeanDefinitionValueResolver.resolveReference(BeanDefinitionValueResolver.java:365) ~[spring-beans-6.0.12.jar:6.0.12]
	at org.springframework.beans.factory.support.BeanDefinitionValueResolver.resolveValueIfNecessary(BeanDefinitionValueResolver.java:135) ~[spring-beans-6.0.12.jar:6.0.12]
	at org.springframework.beans.factory.support.AbstractAutowireCapableBeanFactory.applyPropertyValues(AbstractAutowireCapableBeanFactory.java:1682) ~[spring-beans-6.0.12.jar:6.0.12]
	at org.springframework.beans.factory.support.AbstractAutowireCapableBeanFactory.populateBean(AbstractAutowireCapableBeanFactory.java:1431) ~[spring-beans-6.0.12.jar:6.0.12]
	at org.springframework.beans.factory.support.AbstractAutowireCapableBeanFactory.doCreateBean(AbstractAutowireCapableBeanFactory.java:597) ~[spring-beans-6.0.12.jar:6.0.12]
	at org.springframework.beans.factory.support.AbstractAutowireCapableBeanFactory.createBean(AbstractAutowireCapableBeanFactory.java:520) ~[spring-beans-6.0.12.jar:6.0.12]
	at org.springframework.beans.factory.support.AbstractBeanFactory.lambda$doGetBean$0(AbstractBeanFactory.java:325) ~[spring-beans-6.0.12.jar:6.0.12]
	at org.springframework.beans.factory.support.DefaultSingletonBeanRegistry.getSingleton(DefaultSingletonBeanRegistry.java:234) ~[spring-beans-6.0.12.jar:6.0.12]
	at org.springframework.beans.factory.support.AbstractBeanFactory.doGetBean(AbstractBeanFactory.java:323) ~[spring-beans-6.0.12.jar:6.0.12]
	at org.springframework.beans.factory.support.AbstractBeanFactory.getBean(AbstractBeanFactory.java:199) ~[spring-beans-6.0.12.jar:6.0.12]
	at org.springframework.beans.factory.config.DependencyDescriptor.resolveCandidate(DependencyDescriptor.java:254) ~[spring-beans-6.0.12.jar:6.0.12]
	at org.springframework.beans.factory.support.DefaultListableBeanFactory.doResolveDependency(DefaultListableBeanFactory.java:1417) ~[spring-beans-6.0.12.jar:6.0.12]
	at org.springframework.beans.factory.support.DefaultListableBeanFactory.resolveDependency(DefaultListableBeanFactory.java:1337) ~[spring-beans-6.0.12.jar:6.0.12]
	at org.springframework.beans.factory.support.ConstructorResolver.resolveAutowiredArgument(ConstructorResolver.java:910) ~[spring-beans-6.0.12.jar:6.0.12]
	at org.springframework.beans.factory.support.ConstructorResolver.createArgumentArray(ConstructorResolver.java:788) ~[spring-beans-6.0.12.jar:6.0.12]
	at org.springframework.beans.factory.support.ConstructorResolver.autowireConstructor(ConstructorResolver.java:240) ~[spring-beans-6.0.12.jar:6.0.12]
	at org.springframework.beans.factory.support.AbstractAutowireCapableBeanFactory.autowireConstructor(AbstractAutowireCapableBeanFactory.java:1352) ~[spring-beans-6.0.12.jar:6.0.12]
	at org.springframework.beans.factory.support.AbstractAutowireCapableBeanFactory.createBeanInstance(AbstractAutowireCapableBeanFactory.java:1189) ~[spring-beans-6.0.12.jar:6.0.12]
	at org.springframework.beans.factory.support.AbstractAutowireCapableBeanFactory.doCreateBean(AbstractAutowireCapableBeanFactory.java:560) ~[spring-beans-6.0.12.jar:6.0.12]
	at org.springframework.beans.factory.support.AbstractAutowireCapableBeanFactory.createBean(AbstractAutowireCapableBeanFactory.java:520) ~[spring-beans-6.0.12.jar:6.0.12]
	at org.springframework.beans.factory.support.AbstractBeanFactory.lambda$doGetBean$0(AbstractBeanFactory.java:325) ~[spring-beans-6.0.12.jar:6.0.12]
	at org.springframework.beans.factory.support.DefaultSingletonBeanRegistry.getSingleton(DefaultSingletonBeanRegistry.java:234) ~[spring-beans-6.0.12.jar:6.0.12]
	at org.springframework.beans.factory.support.AbstractBeanFactory.doGetBean(AbstractBeanFactory.java:323) ~[spring-beans-6.0.12.jar:6.0.12]
	at org.springframework.beans.factory.support.AbstractBeanFactory.getBean(AbstractBeanFactory.java:199) ~[spring-beans-6.0.12.jar:6.0.12]
	at org.springframework.beans.factory.config.DependencyDescriptor.resolveCandidate(DependencyDescriptor.java:254) ~[spring-beans-6.0.12.jar:6.0.12]
	at org.springframework.beans.factory.support.DefaultListableBeanFactory.doResolveDependency(DefaultListableBeanFactory.java:1417) ~[spring-beans-6.0.12.jar:6.0.12]
	at org.springframework.beans.factory.support.DefaultListableBeanFactory.resolveDependency(DefaultListableBeanFactory.java:1337) ~[spring-beans-6.0.12.jar:6.0.12]
	at org.springframework.beans.factory.support.ConstructorResolver.resolveAutowiredArgument(ConstructorResolver.java:910) ~[spring-beans-6.0.12.jar:6.0.12]
	at org.springframework.beans.factory.support.ConstructorResolver.createArgumentArray(ConstructorResolver.java:788) ~[spring-beans-6.0.12.jar:6.0.12]
	at org.springframework.beans.factory.support.ConstructorResolver.autowireConstructor(ConstructorResolver.java:240) ~[spring-beans-6.0.12.jar:6.0.12]
	at org.springframework.beans.factory.support.AbstractAutowireCapableBeanFactory.autowireConstructor(AbstractAutowireCapableBeanFactory.java:1352) ~[spring-beans-6.0.12.jar:6.0.12]
	at org.springframework.beans.factory.support.AbstractAutowireCapableBeanFactory.createBeanInstance(AbstractAutowireCapableBeanFactory.java:1189) ~[spring-beans-6.0.12.jar:6.0.12]
	at org.springframework.beans.factory.support.AbstractAutowireCapableBeanFactory.doCreateBean(AbstractAutowireCapableBeanFactory.java:560) ~[spring-beans-6.0.12.jar:6.0.12]
	at org.springframework.beans.factory.support.AbstractAutowireCapableBeanFactory.createBean(AbstractAutowireCapableBeanFactory.java:520) ~[spring-beans-6.0.12.jar:6.0.12]
	at org.springframework.beans.factory.support.AbstractBeanFactory.lambda$doGetBean$0(AbstractBeanFactory.java:325) ~[spring-beans-6.0.12.jar:6.0.12]
	at org.springframework.beans.factory.support.DefaultSingletonBeanRegistry.getSingleton(DefaultSingletonBeanRegistry.java:234) ~[spring-beans-6.0.12.jar:6.0.12]
	at org.springframework.beans.factory.support.AbstractBeanFactory.doGetBean(AbstractBeanFactory.java:323) ~[spring-beans-6.0.12.jar:6.0.12]
	at org.springframework.beans.factory.support.AbstractBeanFactory.getBean(AbstractBeanFactory.java:204) ~[spring-beans-6.0.12.jar:6.0.12]
	at org.springframework.boot.web.servlet.ServletContextInitializerBeans.getOrderedBeansOfType(ServletContextInitializerBeans.java:210) ~[spring-boot-3.1.4.jar:3.1.4]
	at org.springframework.boot.web.servlet.ServletContextInitializerBeans.addAsRegistrationBean(ServletContextInitializerBeans.java:173) ~[spring-boot-3.1.4.jar:3.1.4]
	at org.springframework.boot.web.servlet.ServletContextInitializerBeans.addAsRegistrationBean(ServletContextInitializerBeans.java:168) ~[spring-boot-3.1.4.jar:3.1.4]
	at org.springframework.boot.web.servlet.ServletContextInitializerBeans.addAdaptableBeans(ServletContextInitializerBeans.java:153) ~[spring-boot-3.1.4.jar:3.1.4]
	at org.springframework.boot.web.servlet.ServletContextInitializerBeans.<init>(ServletContextInitializerBeans.java:86) ~[spring-boot-3.1.4.jar:3.1.4]
	at org.springframework.boot.web.servlet.context.ServletWebServerApplicationContext.getServletContextInitializerBeans(ServletWebServerApplicationContext.java:261) ~[spring-boot-3.1.4.jar:3.1.4]
	at org.springframework.boot.web.servlet.context.ServletWebServerApplicationContext.selfInitialize(ServletWebServerApplicationContext.java:235) ~[spring-boot-3.1.4.jar:3.1.4]
	at org.springframework.boot.web.embedded.tomcat.TomcatStarter.onStartup(TomcatStarter.java:52) ~[spring-boot-3.1.4.jar:3.1.4]
	at org.apache.catalina.core.StandardContext.startInternal(StandardContext.java:4850) ~[tomcat-embed-core-10.1.13.jar:10.1.13]
	at org.apache.catalina.util.LifecycleBase.start(LifecycleBase.java:171) ~[tomcat-embed-core-10.1.13.jar:10.1.13]
	at org.apache.catalina.core.ContainerBase$StartChild.call(ContainerBase.java:1332) ~[tomcat-embed-core-10.1.13.jar:10.1.13]
	at org.apache.catalina.core.ContainerBase$StartChild.call(ContainerBase.java:1322) ~[tomcat-embed-core-10.1.13.jar:10.1.13]
	at java.base/java.util.concurrent.FutureTask.run(FutureTask.java:264) ~[na:na]
	at org.apache.tomcat.util.threads.InlineExecutorService.execute(InlineExecutorService.java:75) ~[tomcat-embed-core-10.1.13.jar:10.1.13]
	at java.base/java.util.concurrent.AbstractExecutorService.submit(AbstractExecutorService.java:145) ~[na:na]
	at org.apache.catalina.core.ContainerBase.startInternal(ContainerBase.java:866) ~[tomcat-embed-core-10.1.13.jar:10.1.13]
	at org.apache.catalina.core.StandardHost.startInternal(StandardHost.java:846) ~[tomcat-embed-core-10.1.13.jar:10.1.13]
	at org.apache.catalina.util.LifecycleBase.start(LifecycleBase.java:171) ~[tomcat-embed-core-10.1.13.jar:10.1.13]
	at org.apache.catalina.core.ContainerBase$StartChild.call(ContainerBase.java:1332) ~[tomcat-embed-core-10.1.13.jar:10.1.13]
	at org.apache.catalina.core.ContainerBase$StartChild.call(ContainerBase.java:1322) ~[tomcat-embed-core-10.1.13.jar:10.1.13]
	at java.base/java.util.concurrent.FutureTask.run(FutureTask.java:264) ~[na:na]
	at org.apache.tomcat.util.threads.InlineExecutorService.execute(InlineExecutorService.java:75) ~[tomcat-embed-core-10.1.13.jar:10.1.13]
	at java.base/java.util.concurrent.AbstractExecutorService.submit(AbstractExecutorService.java:145) ~[na:na]
	at org.apache.catalina.core.ContainerBase.startInternal(ContainerBase.java:866) ~[tomcat-embed-core-10.1.13.jar:10.1.13]
	at org.apache.catalina.core.StandardEngine.startInternal(StandardEngine.java:241) ~[tomcat-embed-core-10.1.13.jar:10.1.13]
	at org.apache.catalina.util.LifecycleBase.start(LifecycleBase.java:171) ~[tomcat-embed-core-10.1.13.jar:10.1.13]
	at org.apache.catalina.core.StandardService.startInternal(StandardService.java:433) ~[tomcat-embed-core-10.1.13.jar:10.1.13]
	at org.apache.catalina.util.LifecycleBase.start(LifecycleBase.java:171) ~[tomcat-embed-core-10.1.13.jar:10.1.13]
	at org.apache.catalina.core.StandardServer.startInternal(StandardServer.java:918) ~[tomcat-embed-core-10.1.13.jar:10.1.13]
	at org.apache.catalina.util.LifecycleBase.start(LifecycleBase.java:171) ~[tomcat-embed-core-10.1.13.jar:10.1.13]
	at org.apache.catalina.startup.Tomcat.start(Tomcat.java:485) ~[tomcat-embed-core-10.1.13.jar:10.1.13]
	at org.springframework.boot.web.embedded.tomcat.TomcatWebServer.initialize(TomcatWebServer.java:123) ~[spring-boot-3.1.4.jar:3.1.4]
	at org.springframework.boot.web.embedded.tomcat.TomcatWebServer.<init>(TomcatWebServer.java:104) ~[spring-boot-3.1.4.jar:3.1.4]
	at org.springframework.boot.web.embedded.tomcat.TomcatServletWebServerFactory.getTomcatWebServer(TomcatServletWebServerFactory.java:489) ~[spring-boot-3.1.4.jar:3.1.4]
	at org.springframework.boot.web.embedded.tomcat.TomcatServletWebServerFactory.getWebServer(TomcatServletWebServerFactory.java:211) ~[spring-boot-3.1.4.jar:3.1.4]
	at org.springframework.boot.web.servlet.context.ServletWebServerApplicationContext.createWebServer(ServletWebServerApplicationContext.java:183) ~[spring-boot-3.1.4.jar:3.1.4]
	at org.springframework.boot.web.servlet.context.ServletWebServerApplicationContext.onRefresh(ServletWebServerApplicationContext.java:161) ~[spring-boot-3.1.4.jar:3.1.4]
	at org.springframework.context.support.AbstractApplicationContext.refresh(AbstractApplicationContext.java:602) ~[spring-context-6.0.12.jar:6.0.12]
	at org.springframework.boot.web.servlet.context.ServletWebServerApplicationContext.refresh(ServletWebServerApplicationContext.java:146) ~[spring-boot-3.1.4.jar:3.1.4]
	at org.springframework.boot.SpringApplication.refresh(SpringApplication.java:737) ~[spring-boot-3.1.4.jar:3.1.4]
	at org.springframework.boot.SpringApplication.refreshContext(SpringApplication.java:439) ~[spring-boot-3.1.4.jar:3.1.4]
	at org.springframework.boot.SpringApplication.run(SpringApplication.java:315) ~[spring-boot-3.1.4.jar:3.1.4]
	at org.springframework.boot.SpringApplication.run(SpringApplication.java:1309) ~[spring-boot-3.1.4.jar:3.1.4]
	at org.springframework.boot.SpringApplication.run(SpringApplication.java:1298) ~[spring-boot-3.1.4.jar:3.1.4]
	at com.taskflow.TaskFlowApplication.main(TaskflowApplication.java:9) ~[classes/:na]
	at java.base/jdk.internal.reflect.NativeMethodAccessorImpl.invoke0(Native Method) ~[na:na]
	at java.base/jdk.internal.reflect.NativeMethodAccessorImpl.invoke(NativeMethodAccessorImpl.java:77) ~[na:na]
	at java.base/jdk.internal.reflect.DelegatingMethodAccessorImpl.invoke(DelegatingMethodAccessorImpl.java:43) ~[na:na]
	at java.base/java.lang.reflect.Method.invoke(Method.java:569) ~[na:na]
	at org.springframework.boot.devtools.restart.RestartLauncher.run(RestartLauncher.java:50) ~[spring-boot-devtools-3.1.4.jar:3.1.4]

2026-03-10T15:56:14.336+05:30  WARN 12536 --- [  restartedMain] o.h.engine.jdbc.spi.SqlExceptionHelper   : SQL Error: 0, SQLState: 28P01
2026-03-10T15:56:14.336+05:30 ERROR 12536 --- [  restartedMain] o.h.engine.jdbc.spi.SqlExceptionHelper   : FATAL: password authentication failed for user "postgres"
2026-03-10T15:56:14.359+05:30 ERROR 12536 --- [  restartedMain] j.LocalContainerEntityManagerFactoryBean : Failed to initialize JPA EntityManagerFactory: [PersistenceUnit: default] Unable to build Hibernate SessionFactory; nested exception is org.hibernate.exception.GenericJDBCException: Unable to open JDBC Connection for DDL execution [FATAL: password authentication failed for user "postgres"] [n/a]
2026-03-10T15:56:14.362+05:30 ERROR 12536 --- [  restartedMain] o.s.b.web.embedded.tomcat.TomcatStarter  : Error starting Tomcat context. Exception: org.springframework.beans.factory.UnsatisfiedDependencyException. Message: Error creating bean with name 'jwtAuthFilter' defined in file [E:\Personal_Projects\Taskflow App\backend\target\classes\com\taskflow\config\JwtAuthFilter.class]: Unsatisfied dependency expressed through constructor parameter 1: Error creating bean with name 'customUserDetailsService' defined in file [E:\Personal_Projects\Taskflow App\backend\target\classes\com\taskflow\service\CustomUserDetailsService.class]: Unsatisfied dependency expressed through constructor parameter 0: Error creating bean with name 'userRepository' defined in com.taskflow.repository.UserRepository defined in @EnableJpaRepositories declared on JpaRepositoriesRegistrar.EnableJpaRepositoriesConfiguration: Cannot resolve reference to bean 'jpaSharedEM_entityManagerFactory' while setting bean property 'entityManager'
2026-03-10T15:56:14.427+05:30  INFO 12536 --- [  restartedMain] o.apache.catalina.core.StandardService   : Stopping service [Tomcat]
2026-03-10T15:56:14.437+05:30  WARN 12536 --- [  restartedMain] ConfigServletWebServerApplicationContext : Exception encountered during context initialization - cancelling refresh attempt: org.springframework.context.ApplicationContextException: Unable to start web server
2026-03-10T15:56:14.445+05:30 DEBUG 12536 --- [  restartedMain] o.s.boot.devtools.restart.Restarter      : Creating new Restarter for thread Thread[main,5,main]
2026-03-10T15:56:14.445+05:30 DEBUG 12536 --- [  restartedMain] o.s.boot.devtools.restart.Restarter      : Immediately restarting application
2026-03-10T15:56:14.445+05:30 DEBUG 12536 --- [  restartedMain] o.s.boot.devtools.restart.Restarter      : Starting application com.taskflow.TaskFlowApplication with URLs [file:/E:/Personal_Projects/Taskflow%20App/backend/target/classes/]
2026-03-10T15:56:14.498+05:30 DEBUG 12536 --- [  restartedMain] .s.b.a.l.ConditionEvaluationReportLogger : 


============================
CONDITIONS EVALUATION REPORT
============================


Positive matches:
-----------------

   AopAutoConfiguration matched:
      - @ConditionalOnProperty (spring.aop.auto=true) matched (OnPropertyCondition)

   AopAutoConfiguration.AspectJAutoProxyingConfiguration matched:
      - @ConditionalOnClass found required class 'org.aspectj.weaver.Advice' (OnClassCondition)

   AopAutoConfiguration.AspectJAutoProxyingConfiguration.CglibAutoProxyConfiguration matched:
      - @ConditionalOnProperty (spring.aop.proxy-target-class=true) matched (OnPropertyCondition)

   ApplicationAvailabilityAutoConfiguration#applicationAvailability matched:
      - @ConditionalOnMissingBean (types: org.springframework.boot.availability.ApplicationAvailability; SearchStrategy: all) did not find any beans (OnBeanCondition)

   DataSourceAutoConfiguration matched:
      - @ConditionalOnClass found required classes 'javax.sql.DataSource', 'org.springframework.jdbc.datasource.embedded.EmbeddedDatabaseType' (OnClassCondition)
      - @ConditionalOnMissingBean (types: io.r2dbc.spi.ConnectionFactory; SearchStrategy: all) did not find any beans (OnBeanCondition)

   DataSourceAutoConfiguration.PooledDataSourceConfiguration matched:
      - AnyNestedCondition 1 matched 1 did not; NestedCondition on DataSourceAutoConfiguration.PooledDataSourceCondition.PooledDataSourceAvailable PooledDataSource found supported DataSource; NestedCondition on DataSourceAutoConfiguration.PooledDataSourceCondition.ExplicitType @ConditionalOnProperty (spring.datasource.type) did not find property 'type' (DataSourceAutoConfiguration.PooledDataSourceCondition)
      - @ConditionalOnMissingBean (types: javax.sql.DataSource,javax.sql.XADataSource; SearchStrategy: all) did not find any beans (OnBeanCondition)

   DataSourceAutoConfiguration.PooledDataSourceConfiguration#jdbcConnectionDetails matched:
      - @ConditionalOnMissingBean (types: org.springframework.boot.autoconfigure.jdbc.JdbcConnectionDetails; SearchStrategy: all) did not find any beans (OnBeanCondition)

   DataSourceConfiguration.Hikari matched:
      - @ConditionalOnClass found required class 'com.zaxxer.hikari.HikariDataSource' (OnClassCondition)
      - @ConditionalOnProperty (spring.datasource.type=com.zaxxer.hikari.HikariDataSource) matched (OnPropertyCondition)
      - @ConditionalOnMissingBean (types: javax.sql.DataSource; SearchStrategy: all) did not find any beans (OnBeanCondition)

   DataSourceInitializationConfiguration matched:
      - @ConditionalOnClass found required class 'org.springframework.jdbc.datasource.init.DatabasePopulator' (OnClassCondition)
      - @ConditionalOnSingleCandidate (types: javax.sql.DataSource; SearchStrategy: all) found a single bean 'dataSource'; @ConditionalOnMissingBean (types: org.springframework.boot.autoconfigure.sql.init.SqlDataSourceScriptDatabaseInitializer,org.springframework.boot.autoconfigure.sql.init.SqlR2dbcScriptDatabaseInitializer; SearchStrategy: all) did not find any beans (OnBeanCondition)

   DataSourceJmxConfiguration matched:
      - @ConditionalOnProperty (spring.jmx.enabled=true) matched (OnPropertyCondition)

   DataSourceJmxConfiguration.Hikari matched:
      - @ConditionalOnClass found required class 'com.zaxxer.hikari.HikariDataSource' (OnClassCondition)
      - @ConditionalOnSingleCandidate (types: javax.sql.DataSource; SearchStrategy: all) found a single bean 'dataSource' (OnBeanCondition)

   DataSourcePoolMetadataProvidersConfiguration.HikariPoolDataSourceMetadataProviderConfiguration matched:
      - @ConditionalOnClass found required class 'com.zaxxer.hikari.HikariDataSource' (OnClassCondition)

   DataSourceTransactionManagerAutoConfiguration matched:
      - @ConditionalOnClass found required classes 'org.springframework.jdbc.core.JdbcTemplate', 'org.springframework.transaction.TransactionManager' (OnClassCondition)

   DataSourceTransactionManagerAutoConfiguration.JdbcTransactionManagerConfiguration matched:
      - @ConditionalOnSingleCandidate (types: javax.sql.DataSource; SearchStrategy: all) found a single bean 'dataSource' (OnBeanCondition)

   DevToolsDataSourceAutoConfiguration matched:
      - Devtools devtools enabled. (OnEnabledDevToolsCondition)
      - DevTools DataSource Condition found auto-configured DataSource (DevToolsDataSourceAutoConfiguration.DevToolsDataSourceCondition)

   DevToolsDataSourceAutoConfiguration.DatabaseShutdownExecutorEntityManagerFactoryDependsOnPostProcessor matched:
      - @ConditionalOnClass found required class 'org.springframework.orm.jpa.LocalContainerEntityManagerFactoryBean' (OnClassCondition)
      - @ConditionalOnBean (types: org.springframework.orm.jpa.AbstractEntityManagerFactoryBean; SearchStrategy: all) found bean '&entityManagerFactory' (OnBeanCondition)

   DispatcherServletAutoConfiguration matched:
      - @ConditionalOnClass found required class 'org.springframework.web.servlet.DispatcherServlet' (OnClassCondition)
      - found 'session' scope (OnWebApplicationCondition)

   DispatcherServletAutoConfiguration.DispatcherServletConfiguration matched:
      - @ConditionalOnClass found required class 'jakarta.servlet.ServletRegistration' (OnClassCondition)
      - Default DispatcherServlet did not find dispatcher servlet beans (DispatcherServletAutoConfiguration.DefaultDispatcherServletCondition)

   DispatcherServletAutoConfiguration.DispatcherServletRegistrationConfiguration matched:
      - @ConditionalOnClass found required class 'jakarta.servlet.ServletRegistration' (OnClassCondition)
      - DispatcherServlet Registration did not find servlet registration bean (DispatcherServletAutoConfiguration.DispatcherServletRegistrationCondition)

   DispatcherServletAutoConfiguration.DispatcherServletRegistrationConfiguration#dispatcherServletRegistration matched:
      - @ConditionalOnBean (names: dispatcherServlet types: org.springframework.web.servlet.DispatcherServlet; SearchStrategy: all) found bean 'dispatcherServlet' (OnBeanCondition)

   EmbeddedWebServerFactoryCustomizerAutoConfiguration matched:
      - @ConditionalOnWebApplication (required) found 'session' scope (OnWebApplicationCondition)
      - @ConditionalOnWarDeployment the application is not deployed as a WAR file. (OnWarDeploymentCondition)

   EmbeddedWebServerFactoryCustomizerAutoConfiguration.TomcatWebServerFactoryCustomizerConfiguration matched:
      - @ConditionalOnClass found required classes 'org.apache.catalina.startup.Tomcat', 'org.apache.coyote.UpgradeProtocol' (OnClassCondition)

   ErrorMvcAutoConfiguration matched:
      - @ConditionalOnClass found required classes 'jakarta.servlet.Servlet', 'org.springframework.web.servlet.DispatcherServlet' (OnClassCondition)
      - found 'session' scope (OnWebApplicationCondition)

   ErrorMvcAutoConfiguration#basicErrorController matched:
      - @ConditionalOnMissingBean (types: org.springframework.boot.web.servlet.error.ErrorController; SearchStrategy: current) did not find any beans (OnBeanCondition)

   ErrorMvcAutoConfiguration#errorAttributes matched:
      - @ConditionalOnMissingBean (types: org.springframework.boot.web.servlet.error.ErrorAttributes; SearchStrategy: current) did not find any beans (OnBeanCondition)

   ErrorMvcAutoConfiguration.DefaultErrorViewResolverConfiguration#conventionErrorViewResolver matched:
      - @ConditionalOnBean (types: org.springframework.web.servlet.DispatcherServlet; SearchStrategy: all) found bean 'dispatcherServlet'; @ConditionalOnMissingBean (types: org.springframework.boot.autoconfigure.web.servlet.error.ErrorViewResolver; SearchStrategy: all) did not find any beans (OnBeanCondition)

   ErrorMvcAutoConfiguration.WhitelabelErrorViewConfiguration matched:
      - @ConditionalOnProperty (server.error.whitelabel.enabled) matched (OnPropertyCondition)
      - ErrorTemplate Missing did not find error template view (ErrorMvcAutoConfiguration.ErrorTemplateMissingCondition)

   ErrorMvcAutoConfiguration.WhitelabelErrorViewConfiguration#beanNameViewResolver matched:
      - @ConditionalOnMissingBean (types: org.springframework.web.servlet.view.BeanNameViewResolver; SearchStrategy: all) did not find any beans (OnBeanCondition)

   ErrorMvcAutoConfiguration.WhitelabelErrorViewConfiguration#defaultErrorView matched:
      - @ConditionalOnMissingBean (names: error; SearchStrategy: all) did not find any beans (OnBeanCondition)

   GenericCacheConfiguration matched:
      - Cache org.springframework.boot.autoconfigure.cache.GenericCacheConfiguration automatic cache type (CacheCondition)

   HibernateJpaAutoConfiguration matched:
      - @ConditionalOnClass found required classes 'org.springframework.orm.jpa.LocalContainerEntityManagerFactoryBean', 'jakarta.persistence.EntityManager', 'org.hibernate.engine.spi.SessionImplementor' (OnClassCondition)

   HibernateJpaConfiguration matched:
      - @ConditionalOnSingleCandidate (types: javax.sql.DataSource; SearchStrategy: all) found a single bean 'dataSource' (OnBeanCondition)

   HttpEncodingAutoConfiguration matched:
      - @ConditionalOnClass found required class 'org.springframework.web.filter.CharacterEncodingFilter' (OnClassCondition)
      - found 'session' scope (OnWebApplicationCondition)
      - @ConditionalOnProperty (server.servlet.encoding.enabled) matched (OnPropertyCondition)

   HttpEncodingAutoConfiguration#characterEncodingFilter matched:
      - @ConditionalOnMissingBean (types: org.springframework.web.filter.CharacterEncodingFilter; SearchStrategy: all) did not find any beans (OnBeanCondition)

   HttpMessageConvertersAutoConfiguration matched:
      - @ConditionalOnClass found required class 'org.springframework.http.converter.HttpMessageConverter' (OnClassCondition)
      - NoneNestedConditions 0 matched 1 did not; NestedCondition on HttpMessageConvertersAutoConfiguration.NotReactiveWebApplicationCondition.ReactiveWebApplication did not find reactive web application classes (HttpMessageConvertersAutoConfiguration.NotReactiveWebApplicationCondition)

   HttpMessageConvertersAutoConfiguration#messageConverters matched:
      - @ConditionalOnMissingBean (types: org.springframework.boot.autoconfigure.http.HttpMessageConverters; SearchStrategy: all) did not find any beans (OnBeanCondition)

   HttpMessageConvertersAutoConfiguration.StringHttpMessageConverterConfiguration matched:
      - @ConditionalOnClass found required class 'org.springframework.http.converter.StringHttpMessageConverter' (OnClassCondition)

   HttpMessageConvertersAutoConfiguration.StringHttpMessageConverterConfiguration#stringHttpMessageConverter matched:
      - @ConditionalOnMissingBean (types: org.springframework.http.converter.StringHttpMessageConverter; SearchStrategy: all) did not find any beans (OnBeanCondition)

   JacksonAutoConfiguration matched:
      - @ConditionalOnClass found required class 'com.fasterxml.jackson.databind.ObjectMapper' (OnClassCondition)

   JacksonAutoConfiguration.Jackson2ObjectMapperBuilderCustomizerConfiguration matched:
      - @ConditionalOnClass found required class 'org.springframework.http.converter.json.Jackson2ObjectMapperBuilder' (OnClassCondition)

   JacksonAutoConfiguration.JacksonObjectMapperBuilderConfiguration matched:
      - @ConditionalOnClass found required class 'org.springframework.http.converter.json.Jackson2ObjectMapperBuilder' (OnClassCondition)

   JacksonAutoConfiguration.JacksonObjectMapperBuilderConfiguration#jacksonObjectMapperBuilder matched:
      - @ConditionalOnMissingBean (types: org.springframework.http.converter.json.Jackson2ObjectMapperBuilder; SearchStrategy: all) did not find any beans (OnBeanCondition)

   JacksonAutoConfiguration.JacksonObjectMapperConfiguration matched:
      - @ConditionalOnClass found required class 'org.springframework.http.converter.json.Jackson2ObjectMapperBuilder' (OnClassCondition)

   JacksonAutoConfiguration.JacksonObjectMapperConfiguration#jacksonObjectMapper matched:
      - @ConditionalOnMissingBean (types: com.fasterxml.jackson.databind.ObjectMapper; SearchStrategy: all) did not find any beans (OnBeanCondition)

   JacksonAutoConfiguration.ParameterNamesModuleConfiguration matched:
      - @ConditionalOnClass found required class 'com.fasterxml.jackson.module.paramnames.ParameterNamesModule' (OnClassCondition)

   JacksonAutoConfiguration.ParameterNamesModuleConfiguration#parameterNamesModule matched:
      - @ConditionalOnMissingBean (types: com.fasterxml.jackson.module.paramnames.ParameterNamesModule; SearchStrategy: all) did not find any beans (OnBeanCondition)

   JacksonHttpMessageConvertersConfiguration.MappingJackson2HttpMessageConverterConfiguration matched:
      - @ConditionalOnClass found required class 'com.fasterxml.jackson.databind.ObjectMapper' (OnClassCondition)
      - @ConditionalOnProperty (spring.mvc.converters.preferred-json-mapper=jackson) matched (OnPropertyCondition)
      - @ConditionalOnBean (types: com.fasterxml.jackson.databind.ObjectMapper; SearchStrategy: all) found bean 'jacksonObjectMapper' (OnBeanCondition)

   JacksonHttpMessageConvertersConfiguration.MappingJackson2HttpMessageConverterConfiguration#mappingJackson2HttpMessageConverter matched:
      - @ConditionalOnMissingBean (types: org.springframework.http.converter.json.MappingJackson2HttpMessageConverter ignored: org.springframework.hateoas.server.mvc.TypeConstrainedMappingJackson2HttpMessageConverter,org.springframework.data.rest.webmvc.alps.AlpsJsonHttpMessageConverter; SearchStrategy: all) did not find any beans (OnBeanCondition)

   JdbcTemplateAutoConfiguration matched:
      - @ConditionalOnClass found required classes 'javax.sql.DataSource', 'org.springframework.jdbc.core.JdbcTemplate' (OnClassCondition)
      - @ConditionalOnSingleCandidate (types: javax.sql.DataSource; SearchStrategy: all) found a single bean 'dataSource' (OnBeanCondition)

   JdbcTemplateConfiguration matched:
      - @ConditionalOnMissingBean (types: org.springframework.jdbc.core.JdbcOperations; SearchStrategy: all) did not find any beans (OnBeanCondition)

   JpaBaseConfiguration#entityManagerFactory matched:
      - @ConditionalOnMissingBean (types: org.springframework.orm.jpa.LocalContainerEntityManagerFactoryBean,jakarta.persistence.EntityManagerFactory; SearchStrategy: all) did not find any beans (OnBeanCondition)

   JpaBaseConfiguration#entityManagerFactoryBuilder matched:
      - @ConditionalOnMissingBean (types: org.springframework.boot.orm.jpa.EntityManagerFactoryBuilder; SearchStrategy: all) did not find any beans (OnBeanCondition)

   JpaBaseConfiguration#jpaVendorAdapter matched:
      - @ConditionalOnMissingBean (types: org.springframework.orm.jpa.JpaVendorAdapter; SearchStrategy: all) did not find any beans (OnBeanCondition)

   JpaBaseConfiguration#transactionManager matched:
      - @ConditionalOnMissingBean (types: org.springframework.transaction.TransactionManager; SearchStrategy: all) did not find any beans (OnBeanCondition)

   JpaBaseConfiguration.JpaWebConfiguration matched:
      - @ConditionalOnClass found required class 'org.springframework.web.servlet.config.annotation.WebMvcConfigurer' (OnClassCondition)
      - found 'session' scope (OnWebApplicationCondition)
      - @ConditionalOnProperty (spring.jpa.open-in-view=true) matched (OnPropertyCondition)
      - @ConditionalOnMissingBean (types: org.springframework.orm.jpa.support.OpenEntityManagerInViewInterceptor,org.springframework.orm.jpa.support.OpenEntityManagerInViewFilter; SearchStrategy: all) did not find any beans (OnBeanCondition)

   JpaBaseConfiguration.PersistenceManagedTypesConfiguration matched:
      - @ConditionalOnMissingBean (types: org.springframework.orm.jpa.LocalContainerEntityManagerFactoryBean,jakarta.persistence.EntityManagerFactory; SearchStrategy: all) did not find any beans (OnBeanCondition)

   JpaBaseConfiguration.PersistenceManagedTypesConfiguration#persistenceManagedTypes matched:
      - @ConditionalOnMissingBean (types: org.springframework.orm.jpa.persistenceunit.PersistenceManagedTypes; SearchStrategy: all) did not find any beans (OnBeanCondition)

   JpaRepositoriesAutoConfiguration matched:
      - @ConditionalOnClass found required class 'org.springframework.data.jpa.repository.JpaRepository' (OnClassCondition)
      - @ConditionalOnProperty (spring.data.jpa.repositories.enabled=true) matched (OnPropertyCondition)
      - @ConditionalOnBean (types: javax.sql.DataSource; SearchStrategy: all) found bean 'dataSource'; @ConditionalOnMissingBean (types: org.springframework.data.jpa.repository.support.JpaRepositoryFactoryBean,org.springframework.data.jpa.repository.config.JpaRepositoryConfigExtension; SearchStrategy: all) did not find any beans (OnBeanCondition)

   JtaAutoConfiguration matched:
      - @ConditionalOnClass found required class 'jakarta.transaction.Transaction' (OnClassCondition)
      - @ConditionalOnProperty (spring.jta.enabled) matched (OnPropertyCondition)

   LifecycleAutoConfiguration#defaultLifecycleProcessor matched:
      - @ConditionalOnMissingBean (names: lifecycleProcessor; SearchStrategy: current) did not find any beans (OnBeanCondition)

   LocalDevToolsAutoConfiguration matched:
      - Initialized Restarter Condition available and initialized (OnInitializedRestarterCondition)

   LocalDevToolsAutoConfiguration.LiveReloadConfiguration matched:
      - @ConditionalOnProperty (spring.devtools.livereload.enabled) matched (OnPropertyCondition)

   LocalDevToolsAutoConfiguration.LiveReloadConfiguration#liveReloadServer matched:
      - @ConditionalOnMissingBean (types: org.springframework.boot.devtools.livereload.LiveReloadServer; SearchStrategy: all) did not find any beans (OnBeanCondition)

   LocalDevToolsAutoConfiguration.RestartConfiguration matched:
      - @ConditionalOnProperty (spring.devtools.restart.enabled) matched (OnPropertyCondition)

   LocalDevToolsAutoConfiguration.RestartConfiguration#classPathFileSystemWatcher matched:
      - @ConditionalOnMissingBean (types: org.springframework.boot.devtools.classpath.ClassPathFileSystemWatcher; SearchStrategy: all) did not find any beans (OnBeanCondition)

   LocalDevToolsAutoConfiguration.RestartConfiguration#classPathRestartStrategy matched:
      - @ConditionalOnMissingBean (types: org.springframework.boot.devtools.classpath.ClassPathRestartStrategy; SearchStrategy: all) did not find any beans (OnBeanCondition)

   LocalDevToolsAutoConfiguration.RestartConfiguration#conditionEvaluationDeltaLoggingListener matched:
      - @ConditionalOnProperty (spring.devtools.restart.log-condition-evaluation-delta) matched (OnPropertyCondition)

   MultipartAutoConfiguration matched:
      - @ConditionalOnClass found required classes 'jakarta.servlet.Servlet', 'org.springframework.web.multipart.support.StandardServletMultipartResolver', 'jakarta.servlet.MultipartConfigElement' (OnClassCondition)
      - found 'session' scope (OnWebApplicationCondition)
      - @ConditionalOnProperty (spring.servlet.multipart.enabled) matched (OnPropertyCondition)

   MultipartAutoConfiguration#multipartConfigElement matched:
      - @ConditionalOnMissingBean (types: jakarta.servlet.MultipartConfigElement; SearchStrategy: all) did not find any beans (OnBeanCondition)

   MultipartAutoConfiguration#multipartResolver matched:
      - @ConditionalOnMissingBean (types: org.springframework.web.multipart.MultipartResolver; SearchStrategy: all) did not find any beans (OnBeanCondition)

   NamedParameterJdbcTemplateConfiguration matched:
      - @ConditionalOnSingleCandidate (types: org.springframework.jdbc.core.JdbcTemplate; SearchStrategy: all) found a single bean 'jdbcTemplate'; @ConditionalOnMissingBean (types: org.springframework.jdbc.core.namedparam.NamedParameterJdbcOperations; SearchStrategy: all) did not find any beans (OnBeanCondition)

   NoOpCacheConfiguration matched:
      - Cache org.springframework.boot.autoconfigure.cache.NoOpCacheConfiguration automatic cache type (CacheCondition)

   PersistenceExceptionTranslationAutoConfiguration matched:
      - @ConditionalOnClass found required class 'org.springframework.dao.annotation.PersistenceExceptionTranslationPostProcessor' (OnClassCondition)

   PersistenceExceptionTranslationAutoConfiguration#persistenceExceptionTranslationPostProcessor matched:
      - @ConditionalOnProperty (spring.dao.exceptiontranslation.enabled) matched (OnPropertyCondition)
      - @ConditionalOnMissingBean (types: org.springframework.dao.annotation.PersistenceExceptionTranslationPostProcessor; SearchStrategy: all) did not find any beans (OnBeanCondition)

   PropertyPlaceholderAutoConfiguration#propertySourcesPlaceholderConfigurer matched:
      - @ConditionalOnMissingBean (types: org.springframework.context.support.PropertySourcesPlaceholderConfigurer; SearchStrategy: current) did not find any beans (OnBeanCondition)

   RestTemplateAutoConfiguration matched:
      - @ConditionalOnClass found required class 'org.springframework.web.client.RestTemplate' (OnClassCondition)
      - NoneNestedConditions 0 matched 1 did not; NestedCondition on RestTemplateAutoConfiguration.NotReactiveWebApplicationCondition.ReactiveWebApplication did not find reactive web application classes (RestTemplateAutoConfiguration.NotReactiveWebApplicationCondition)

   RestTemplateAutoConfiguration#restTemplateBuilder matched:
      - @ConditionalOnMissingBean (types: org.springframework.boot.web.client.RestTemplateBuilder; SearchStrategy: all) did not find any beans (OnBeanCondition)

   RestTemplateAutoConfiguration#restTemplateBuilderConfigurer matched:
      - @ConditionalOnMissingBean (types: org.springframework.boot.autoconfigure.web.client.RestTemplateBuilderConfigurer; SearchStrategy: all) did not find any beans (OnBeanCondition)

   SecurityAutoConfiguration matched:
      - @ConditionalOnClass found required class 'org.springframework.security.authentication.DefaultAuthenticationEventPublisher' (OnClassCondition)

   SecurityAutoConfiguration#authenticationEventPublisher matched:
      - @ConditionalOnMissingBean (types: org.springframework.security.authentication.AuthenticationEventPublisher; SearchStrategy: all) did not find any beans (OnBeanCondition)

   SecurityFilterAutoConfiguration matched:
      - @ConditionalOnClass found required classes 'org.springframework.security.web.context.AbstractSecurityWebApplicationInitializer', 'org.springframework.security.config.http.SessionCreationPolicy' (OnClassCondition)
      - found 'session' scope (OnWebApplicationCondition)

   SecurityFilterAutoConfiguration#securityFilterChainRegistration matched:
      - @ConditionalOnBean (names: springSecurityFilterChain; SearchStrategy: all) found bean 'springSecurityFilterChain' (OnBeanCondition)

   ServletWebServerFactoryAutoConfiguration matched:
      - @ConditionalOnClass found required class 'jakarta.servlet.ServletRequest' (OnClassCondition)
      - found 'session' scope (OnWebApplicationCondition)

   ServletWebServerFactoryAutoConfiguration#tomcatServletWebServerFactoryCustomizer matched:
      - @ConditionalOnClass found required class 'org.apache.catalina.startup.Tomcat' (OnClassCondition)

   ServletWebServerFactoryConfiguration.EmbeddedTomcat matched:
      - @ConditionalOnClass found required classes 'jakarta.servlet.Servlet', 'org.apache.catalina.startup.Tomcat', 'org.apache.coyote.UpgradeProtocol' (OnClassCondition)
      - @ConditionalOnMissingBean (types: org.springframework.boot.web.servlet.server.ServletWebServerFactory; SearchStrategy: current) did not find any beans (OnBeanCondition)

   SimpleCacheConfiguration matched:
      - Cache org.springframework.boot.autoconfigure.cache.SimpleCacheConfiguration automatic cache type (CacheCondition)

   SpringBootWebSecurityConfiguration matched:
      - found 'session' scope (OnWebApplicationCondition)

   SpringBootWebSecurityConfiguration.WebSecurityEnablerConfiguration matched:
      - @ConditionalOnClass found required class 'org.springframework.security.config.annotation.web.configuration.EnableWebSecurity' (OnClassCondition)
      - @ConditionalOnMissingBean (names: springSecurityFilterChain; SearchStrategy: all) did not find any beans (OnBeanCondition)

   SpringDataWebAutoConfiguration matched:
      - @ConditionalOnClass found required classes 'org.springframework.data.web.PageableHandlerMethodArgumentResolver', 'org.springframework.web.servlet.config.annotation.WebMvcConfigurer' (OnClassCondition)
      - found 'session' scope (OnWebApplicationCondition)
      - @ConditionalOnMissingBean (types: org.springframework.data.web.PageableHandlerMethodArgumentResolver; SearchStrategy: all) did not find any beans (OnBeanCondition)

   SpringDataWebAutoConfiguration#pageableCustomizer matched:
      - @ConditionalOnMissingBean (types: org.springframework.data.web.config.PageableHandlerMethodArgumentResolverCustomizer; SearchStrategy: all) did not find any beans (OnBeanCondition)

   SpringDataWebAutoConfiguration#sortCustomizer matched:
      - @ConditionalOnMissingBean (types: org.springframework.data.web.config.SortHandlerMethodArgumentResolverCustomizer; SearchStrategy: all) did not find any beans (OnBeanCondition)

   SqlInitializationAutoConfiguration matched:
      - @ConditionalOnProperty (spring.sql.init.enabled) matched (OnPropertyCondition)
      - NoneNestedConditions 0 matched 1 did not; NestedCondition on SqlInitializationAutoConfiguration.SqlInitializationModeCondition.ModeIsNever @ConditionalOnProperty (spring.sql.init.mode=never) did not find property 'mode' (SqlInitializationAutoConfiguration.SqlInitializationModeCondition)

   SslAutoConfiguration#sslBundleRegistry matched:
      - @ConditionalOnMissingBean (types: org.springframework.boot.ssl.SslBundleRegistry,org.springframework.boot.ssl.SslBundles; SearchStrategy: all) did not find any beans (OnBeanCondition)

   TaskExecutionAutoConfiguration matched:
      - @ConditionalOnClass found required class 'org.springframework.scheduling.concurrent.ThreadPoolTaskExecutor' (OnClassCondition)

   TaskExecutionAutoConfiguration#applicationTaskExecutor matched:
      - @ConditionalOnMissingBean (types: java.util.concurrent.Executor; SearchStrategy: all) did not find any beans (OnBeanCondition)

   TaskExecutionAutoConfiguration#taskExecutorBuilder matched:
      - @ConditionalOnMissingBean (types: org.springframework.boot.task.TaskExecutorBuilder; SearchStrategy: all) did not find any beans (OnBeanCondition)

   TaskSchedulingAutoConfiguration matched:
      - @ConditionalOnClass found required class 'org.springframework.scheduling.concurrent.ThreadPoolTaskScheduler' (OnClassCondition)

   TaskSchedulingAutoConfiguration#taskSchedulerBuilder matched:
      - @ConditionalOnMissingBean (types: org.springframework.boot.task.TaskSchedulerBuilder; SearchStrategy: all) did not find any beans (OnBeanCondition)

   TransactionAutoConfiguration matched:
      - @ConditionalOnClass found required class 'org.springframework.transaction.PlatformTransactionManager' (OnClassCondition)

   TransactionAutoConfiguration#platformTransactionManagerCustomizers matched:
      - @ConditionalOnMissingBean (types: org.springframework.boot.autoconfigure.transaction.TransactionManagerCustomizers; SearchStrategy: all) did not find any beans (OnBeanCondition)

   TransactionAutoConfiguration.EnableTransactionManagementConfiguration matched:
      - @ConditionalOnBean (types: org.springframework.transaction.TransactionManager; SearchStrategy: all) found bean 'transactionManager'; @ConditionalOnMissingBean (types: org.springframework.transaction.annotation.AbstractTransactionManagementConfiguration; SearchStrategy: all) did not find any beans (OnBeanCondition)

   TransactionAutoConfiguration.EnableTransactionManagementConfiguration.CglibAutoProxyConfiguration matched:
      - @ConditionalOnProperty (spring.aop.proxy-target-class=true) matched (OnPropertyCondition)

   TransactionAutoConfiguration.TransactionTemplateConfiguration matched:
      - @ConditionalOnSingleCandidate (types: org.springframework.transaction.PlatformTransactionManager; SearchStrategy: all) found a single bean 'transactionManager' (OnBeanCondition)

   TransactionAutoConfiguration.TransactionTemplateConfiguration#transactionTemplate matched:
      - @ConditionalOnMissingBean (types: org.springframework.transaction.support.TransactionOperations; SearchStrategy: all) did not find any beans (OnBeanCondition)

   ValidationAutoConfiguration matched:
      - @ConditionalOnClass found required class 'jakarta.validation.executable.ExecutableValidator' (OnClassCondition)
      - @ConditionalOnResource found location classpath:META-INF/services/jakarta.validation.spi.ValidationProvider (OnResourceCondition)

   ValidationAutoConfiguration#defaultValidator matched:
      - @ConditionalOnMissingBean (types: jakarta.validation.Validator; SearchStrategy: all) did not find any beans (OnBeanCondition)

   ValidationAutoConfiguration#methodValidationPostProcessor matched:
      - @ConditionalOnMissingBean (types: org.springframework.validation.beanvalidation.MethodValidationPostProcessor; SearchStrategy: current) did not find any beans (OnBeanCondition)

   WebMvcAutoConfiguration matched:
      - @ConditionalOnClass found required classes 'jakarta.servlet.Servlet', 'org.springframework.web.servlet.DispatcherServlet', 'org.springframework.web.servlet.config.annotation.WebMvcConfigurer' (OnClassCondition)
      - found 'session' scope (OnWebApplicationCondition)
      - @ConditionalOnMissingBean (types: org.springframework.web.servlet.config.annotation.WebMvcConfigurationSupport; SearchStrategy: all) did not find any beans (OnBeanCondition)

   WebMvcAutoConfiguration#formContentFilter matched:
      - @ConditionalOnProperty (spring.mvc.formcontent.filter.enabled) matched (OnPropertyCondition)
      - @ConditionalOnMissingBean (types: org.springframework.web.filter.FormContentFilter; SearchStrategy: all) did not find any beans (OnBeanCondition)

   WebMvcAutoConfiguration.EnableWebMvcConfiguration#flashMapManager matched:
      - @ConditionalOnMissingBean (names: flashMapManager; SearchStrategy: all) did not find any beans (OnBeanCondition)

   WebMvcAutoConfiguration.EnableWebMvcConfiguration#localeResolver matched:
      - @ConditionalOnMissingBean (names: localeResolver; SearchStrategy: all) did not find any beans (OnBeanCondition)

   WebMvcAutoConfiguration.EnableWebMvcConfiguration#themeResolver matched:
      - @ConditionalOnMissingBean (names: themeResolver; SearchStrategy: all) did not find any beans (OnBeanCondition)

   WebMvcAutoConfiguration.WebMvcAutoConfigurationAdapter#defaultViewResolver matched:
      - @ConditionalOnMissingBean (types: org.springframework.web.servlet.view.InternalResourceViewResolver; SearchStrategy: all) did not find any beans (OnBeanCondition)

   WebMvcAutoConfiguration.WebMvcAutoConfigurationAdapter#requestContextFilter matched:
      - @ConditionalOnMissingBean (types: org.springframework.web.context.request.RequestContextListener,org.springframework.web.filter.RequestContextFilter; SearchStrategy: all) did not find any beans (OnBeanCondition)

   WebMvcAutoConfiguration.WebMvcAutoConfigurationAdapter#viewResolver matched:
      - @ConditionalOnBean (types: org.springframework.web.servlet.ViewResolver; SearchStrategy: all) found beans 'defaultViewResolver', 'beanNameViewResolver', 'mvcViewResolver'; @ConditionalOnMissingBean (names: viewResolver types: org.springframework.web.servlet.view.ContentNegotiatingViewResolver; SearchStrategy: all) did not find any beans (OnBeanCondition)

   WebSocketServletAutoConfiguration matched:
      - @ConditionalOnClass found required classes 'jakarta.servlet.Servlet', 'jakarta.websocket.server.ServerContainer' (OnClassCondition)
      - found 'session' scope (OnWebApplicationCondition)

   WebSocketServletAutoConfiguration.TomcatWebSocketConfiguration matched:
      - @ConditionalOnClass found required classes 'org.apache.catalina.startup.Tomcat', 'org.apache.tomcat.websocket.server.WsSci' (OnClassCondition)

   WebSocketServletAutoConfiguration.TomcatWebSocketConfiguration#websocketServletWebServerCustomizer matched:
      - @ConditionalOnMissingBean (names: websocketServletWebServerCustomizer; SearchStrategy: all) did not find any beans (OnBeanCondition)


Negative matches:
-----------------

   ActiveMQAutoConfiguration:
      Did not match:
         - @ConditionalOnClass did not find required class 'jakarta.jms.ConnectionFactory' (OnClassCondition)

   AopAutoConfiguration.AspectJAutoProxyingConfiguration.JdkDynamicAutoProxyConfiguration:
      Did not match:
         - @ConditionalOnProperty (spring.aop.proxy-target-class=false) did not find property 'proxy-target-class' (OnPropertyCondition)

   AopAutoConfiguration.ClassProxyingConfiguration:
      Did not match:
         - @ConditionalOnMissingClass found unwanted class 'org.aspectj.weaver.Advice' (OnClassCondition)

   ArtemisAutoConfiguration:
      Did not match:
         - @ConditionalOnClass did not find required class 'jakarta.jms.ConnectionFactory' (OnClassCondition)

   BatchAutoConfiguration:
      Did not match:
         - @ConditionalOnClass did not find required class 'org.springframework.batch.core.launch.JobLauncher' (OnClassCondition)

   Cache2kCacheConfiguration:
      Did not match:
         - @ConditionalOnClass did not find required class 'org.cache2k.Cache2kBuilder' (OnClassCondition)

   CacheAutoConfiguration:
      Did not match:
         - @ConditionalOnBean (types: org.springframework.cache.interceptor.CacheAspectSupport; SearchStrategy: all) did not find any beans of type org.springframework.cache.interceptor.CacheAspectSupport (OnBeanCondition)
      Matched:
         - @ConditionalOnClass found required class 'org.springframework.cache.CacheManager' (OnClassCondition)

   CacheAutoConfiguration.CacheManagerEntityManagerFactoryDependsOnPostProcessor:
      Did not match:
         - Ancestor org.springframework.boot.autoconfigure.cache.CacheAutoConfiguration did not match (ConditionEvaluationReport.AncestorsMatchedCondition)
      Matched:
         - @ConditionalOnClass found required class 'org.springframework.orm.jpa.LocalContainerEntityManagerFactoryBean' (OnClassCondition)

   CaffeineCacheConfiguration:
      Did not match:
         - @ConditionalOnClass did not find required class 'com.github.benmanes.caffeine.cache.Caffeine' (OnClassCondition)

   CassandraAutoConfiguration:
      Did not match:
         - @ConditionalOnClass did not find required class 'com.datastax.oss.driver.api.core.CqlSession' (OnClassCondition)

   CassandraDataAutoConfiguration:
      Did not match:
         - @ConditionalOnClass did not find required class 'com.datastax.oss.driver.api.core.CqlSession' (OnClassCondition)

   CassandraReactiveDataAutoConfiguration:
      Did not match:
         - @ConditionalOnClass did not find required class 'com.datastax.oss.driver.api.core.CqlSession' (OnClassCondition)

   CassandraReactiveRepositoriesAutoConfiguration:
      Did not match:
         - @ConditionalOnClass did not find required class 'org.springframework.data.cassandra.ReactiveSession' (OnClassCondition)

   CassandraRepositoriesAutoConfiguration:
      Did not match:
         - @ConditionalOnClass did not find required class 'com.datastax.oss.driver.api.core.CqlSession' (OnClassCondition)

   ClientHttpConnectorAutoConfiguration:
      Did not match:
         - @ConditionalOnClass did not find required class 'org.springframework.web.reactive.function.client.WebClient' (OnClassCondition)

   CodecsAutoConfiguration:
      Did not match:
         - @ConditionalOnClass did not find required class 'org.springframework.web.reactive.function.client.WebClient' (OnClassCondition)

   CouchbaseAutoConfiguration:
      Did not match:
         - @ConditionalOnClass did not find required class 'com.couchbase.client.java.Cluster' (OnClassCondition)

   CouchbaseCacheConfiguration:
      Did not match:
         - @ConditionalOnClass did not find required class 'com.couchbase.client.java.Cluster' (OnClassCondition)

   CouchbaseDataAutoConfiguration:
      Did not match:
         - @ConditionalOnClass did not find required class 'com.couchbase.client.java.Bucket' (OnClassCondition)

   CouchbaseReactiveDataAutoConfiguration:
      Did not match:
         - @ConditionalOnClass did not find required class 'com.couchbase.client.java.Cluster' (OnClassCondition)

   CouchbaseReactiveRepositoriesAutoConfiguration:
      Did not match:
         - @ConditionalOnClass did not find required class 'com.couchbase.client.java.Cluster' (OnClassCondition)

   CouchbaseRepositoriesAutoConfiguration:
      Did not match:
         - @ConditionalOnClass did not find required class 'com.couchbase.client.java.Bucket' (OnClassCondition)

   DataSourceAutoConfiguration.EmbeddedDatabaseConfiguration:
      Did not match:
         - EmbeddedDataSource spring.datasource.url is set (DataSourceAutoConfiguration.EmbeddedDatabaseCondition)

   DataSourceConfiguration.Dbcp2:
      Did not match:
         - @ConditionalOnClass did not find required class 'org.apache.commons.dbcp2.BasicDataSource' (OnClassCondition)

   DataSourceConfiguration.Generic:
      Did not match:
         - @ConditionalOnProperty (spring.datasource.type) did not find property 'spring.datasource.type' (OnPropertyCondition)

   DataSourceConfiguration.OracleUcp:
      Did not match:
         - @ConditionalOnClass did not find required classes 'oracle.ucp.jdbc.PoolDataSourceImpl', 'oracle.jdbc.OracleConnection' (OnClassCondition)

   DataSourceConfiguration.Tomcat:
      Did not match:
         - @ConditionalOnClass did not find required class 'org.apache.tomcat.jdbc.pool.DataSource' (OnClassCondition)

   DataSourceJmxConfiguration.TomcatDataSourceJmxConfiguration:
      Did not match:
         - @ConditionalOnClass did not find required class 'org.apache.tomcat.jdbc.pool.DataSourceProxy' (OnClassCondition)

   DataSourcePoolMetadataProvidersConfiguration.CommonsDbcp2PoolDataSourceMetadataProviderConfiguration:
      Did not match:
         - @ConditionalOnClass did not find required class 'org.apache.commons.dbcp2.BasicDataSource' (OnClassCondition)

   DataSourcePoolMetadataProvidersConfiguration.OracleUcpPoolDataSourceMetadataProviderConfiguration:
      Did not match:
         - @ConditionalOnClass did not find required classes 'oracle.ucp.jdbc.PoolDataSource', 'oracle.jdbc.OracleConnection' (OnClassCondition)

   DataSourcePoolMetadataProvidersConfiguration.TomcatDataSourcePoolMetadataProviderConfiguration:
      Did not match:
         - @ConditionalOnClass did not find required class 'org.apache.tomcat.jdbc.pool.DataSource' (OnClassCondition)

   DataSourceTransactionManagerAutoConfiguration.JdbcTransactionManagerConfiguration#transactionManager:
      Did not match:
         - @ConditionalOnMissingBean (types: org.springframework.transaction.TransactionManager; SearchStrategy: all) found beans of type 'org.springframework.transaction.TransactionManager' transactionManager (OnBeanCondition)

   DevToolsR2dbcAutoConfiguration:
      Did not match:
         - @ConditionalOnClass did not find required class 'io.r2dbc.spi.ConnectionFactory' (OnClassCondition)

   DispatcherServletAutoConfiguration.DispatcherServletConfiguration#multipartResolver:
      Did not match:
         - @ConditionalOnBean (types: org.springframework.web.multipart.MultipartResolver; SearchStrategy: all) did not find any beans of type org.springframework.web.multipart.MultipartResolver (OnBeanCondition)

   ElasticsearchClientAutoConfiguration:
      Did not match:
         - @ConditionalOnClass did not find required class 'co.elastic.clients.elasticsearch.ElasticsearchClient' (OnClassCondition)

   ElasticsearchDataAutoConfiguration:
      Did not match:
         - @ConditionalOnClass did not find required class 'org.springframework.data.elasticsearch.client.elc.ElasticsearchTemplate' (OnClassCondition)

   ElasticsearchRepositoriesAutoConfiguration:
      Did not match:
         - @ConditionalOnClass did not find required class 'org.springframework.data.elasticsearch.repository.ElasticsearchRepository' (OnClassCondition)

   ElasticsearchRestClientAutoConfiguration:
      Did not match:
         - @ConditionalOnClass did not find required class 'org.elasticsearch.client.RestClientBuilder' (OnClassCondition)

   EmbeddedLdapAutoConfiguration:
      Did not match:
         - @ConditionalOnClass did not find required class 'com.unboundid.ldap.listener.InMemoryDirectoryServer' (OnClassCondition)

   EmbeddedWebServerFactoryCustomizerAutoConfiguration.JettyWebServerFactoryCustomizerConfiguration:
      Did not match:
         - @ConditionalOnClass did not find required classes 'org.eclipse.jetty.server.Server', 'org.eclipse.jetty.util.Loader', 'org.eclipse.jetty.webapp.WebAppContext' (OnClassCondition)

   EmbeddedWebServerFactoryCustomizerAutoConfiguration.NettyWebServerFactoryCustomizerConfiguration:
      Did not match:
         - @ConditionalOnClass did not find required class 'reactor.netty.http.server.HttpServer' (OnClassCondition)

   EmbeddedWebServerFactoryCustomizerAutoConfiguration.UndertowWebServerFactoryCustomizerConfiguration:
      Did not match:
         - @ConditionalOnClass did not find required classes 'io.undertow.Undertow', 'org.xnio.SslClientAuthMode' (OnClassCondition)

   ErrorWebFluxAutoConfiguration:
      Did not match:
         - @ConditionalOnClass did not find required class 'org.springframework.web.reactive.config.WebFluxConfigurer' (OnClassCondition)

   FlywayAutoConfiguration:
      Did not match:
         - @ConditionalOnClass did not find required class 'org.flywaydb.core.Flyway' (OnClassCondition)

   FreeMarkerAutoConfiguration:
      Did not match:
         - @ConditionalOnClass did not find required class 'freemarker.template.Configuration' (OnClassCondition)

   GraphQlAutoConfiguration:
      Did not match:
         - @ConditionalOnClass did not find required class 'graphql.GraphQL' (OnClassCondition)

   GraphQlQueryByExampleAutoConfiguration:
      Did not match:
         - @ConditionalOnClass did not find required class 'graphql.GraphQL' (OnClassCondition)

   GraphQlQuerydslAutoConfiguration:
      Did not match:
         - @ConditionalOnClass did not find required class 'graphql.GraphQL' (OnClassCondition)

   GraphQlRSocketAutoConfiguration:
      Did not match:
         - @ConditionalOnClass did not find required class 'graphql.GraphQL' (OnClassCondition)

   GraphQlReactiveQueryByExampleAutoConfiguration:
      Did not match:
         - @ConditionalOnClass did not find required class 'graphql.GraphQL' (OnClassCondition)

   GraphQlReactiveQuerydslAutoConfiguration:
      Did not match:
         - @ConditionalOnClass did not find required class 'graphql.GraphQL' (OnClassCondition)

   GraphQlWebFluxAutoConfiguration:
      Did not match:
         - @ConditionalOnClass did not find required class 'graphql.GraphQL' (OnClassCondition)

   GraphQlWebFluxSecurityAutoConfiguration:
      Did not match:
         - @ConditionalOnClass did not find required class 'graphql.GraphQL' (OnClassCondition)

   GraphQlWebMvcAutoConfiguration:
      Did not match:
         - @ConditionalOnClass did not find required class 'graphql.GraphQL' (OnClassCondition)

   GraphQlWebMvcSecurityAutoConfiguration:
      Did not match:
         - @ConditionalOnClass did not find required class 'graphql.GraphQL' (OnClassCondition)

   GroovyTemplateAutoConfiguration:
      Did not match:
         - @ConditionalOnClass did not find required class 'groovy.text.markup.MarkupTemplateEngine' (OnClassCondition)

   GsonAutoConfiguration:
      Did not match:
         - @ConditionalOnClass did not find required class 'com.google.gson.Gson' (OnClassCondition)

   GsonHttpMessageConvertersConfiguration:
      Did not match:
         - @ConditionalOnClass did not find required class 'com.google.gson.Gson' (OnClassCondition)

   H2ConsoleAutoConfiguration:
      Did not match:
         - @ConditionalOnClass did not find required class 'org.h2.server.web.JakartaWebServlet' (OnClassCondition)

   HazelcastAutoConfiguration:
      Did not match:
         - @ConditionalOnClass did not find required class 'com.hazelcast.core.HazelcastInstance' (OnClassCondition)

   HazelcastCacheConfiguration:
      Did not match:
         - @ConditionalOnClass did not find required class 'com.hazelcast.core.HazelcastInstance' (OnClassCondition)

   HazelcastJpaDependencyAutoConfiguration:
      Did not match:
         - @ConditionalOnClass did not find required class 'com.hazelcast.core.HazelcastInstance' (OnClassCondition)

   HttpHandlerAutoConfiguration:
      Did not match:
         - @ConditionalOnClass did not find required class 'org.springframework.web.reactive.DispatcherHandler' (OnClassCondition)

   HypermediaAutoConfiguration:
      Did not match:
         - @ConditionalOnClass did not find required class 'org.springframework.hateoas.EntityModel' (OnClassCondition)

   InfinispanCacheConfiguration:
      Did not match:
         - @ConditionalOnClass did not find required class 'org.infinispan.spring.embedded.provider.SpringEmbeddedCacheManager' (OnClassCondition)

   InfluxDbAutoConfiguration:
      Did not match:
         - @ConditionalOnClass did not find required class 'org.influxdb.InfluxDB' (OnClassCondition)

   IntegrationAutoConfiguration:
      Did not match:
         - @ConditionalOnClass did not find required class 'org.springframework.integration.config.EnableIntegration' (OnClassCondition)

   JCacheCacheConfiguration:
      Did not match:
         - @ConditionalOnClass did not find required class 'javax.cache.Caching' (OnClassCondition)

   JacksonHttpMessageConvertersConfiguration.MappingJackson2XmlHttpMessageConverterConfiguration:
      Did not match:
         - @ConditionalOnClass did not find required class 'com.fasterxml.jackson.dataformat.xml.XmlMapper' (OnClassCondition)

   JdbcRepositoriesAutoConfiguration:
      Did not match:
         - @ConditionalOnClass did not find required class 'org.springframework.data.jdbc.repository.config.AbstractJdbcConfiguration' (OnClassCondition)

   JerseyAutoConfiguration:
      Did not match:
         - @ConditionalOnClass did not find required class 'org.glassfish.jersey.server.spring.SpringComponentProvider' (OnClassCondition)

   JmsAutoConfiguration:
      Did not match:
         - @ConditionalOnClass did not find required class 'jakarta.jms.Message' (OnClassCondition)

   JmxAutoConfiguration:
      Did not match:
         - @ConditionalOnProperty (spring.jmx.enabled=true) did not find property 'enabled' (OnPropertyCondition)
      Matched:
         - @ConditionalOnClass found required class 'org.springframework.jmx.export.MBeanExporter' (OnClassCondition)

   JndiConnectionFactoryAutoConfiguration:
      Did not match:
         - @ConditionalOnClass did not find required class 'org.springframework.jms.core.JmsTemplate' (OnClassCondition)

   JndiDataSourceAutoConfiguration:
      Did not match:
         - @ConditionalOnProperty (spring.datasource.jndi-name) did not find property 'jndi-name' (OnPropertyCondition)
      Matched:
         - @ConditionalOnClass found required classes 'javax.sql.DataSource', 'org.springframework.jdbc.datasource.embedded.EmbeddedDatabaseType' (OnClassCondition)

   JndiJtaConfiguration:
      Did not match:
         - @ConditionalOnJndi JNDI environment is not available (OnJndiCondition)
      Matched:
         - @ConditionalOnClass found required class 'org.springframework.transaction.jta.JtaTransactionManager' (OnClassCondition)

   JooqAutoConfiguration:
      Did not match:
         - @ConditionalOnClass did not find required class 'org.jooq.DSLContext' (OnClassCondition)

   JpaRepositoriesAutoConfiguration#entityManagerFactoryBootstrapExecutorCustomizer:
      Did not match:
         - AnyNestedCondition 0 matched 2 did not; NestedCondition on JpaRepositoriesAutoConfiguration.BootstrapExecutorCondition.LazyBootstrapMode @ConditionalOnProperty (spring.data.jpa.repositories.bootstrap-mode=lazy) did not find property 'bootstrap-mode'; NestedCondition on JpaRepositoriesAutoConfiguration.BootstrapExecutorCondition.DeferredBootstrapMode @ConditionalOnProperty (spring.data.jpa.repositories.bootstrap-mode=deferred) did not find property 'bootstrap-mode' (JpaRepositoriesAutoConfiguration.BootstrapExecutorCondition)

   JsonbAutoConfiguration:
      Did not match:
         - @ConditionalOnClass did not find required class 'jakarta.json.bind.Jsonb' (OnClassCondition)

   JsonbHttpMessageConvertersConfiguration:
      Did not match:
         - @ConditionalOnClass did not find required class 'jakarta.json.bind.Jsonb' (OnClassCondition)

   KafkaAutoConfiguration:
      Did not match:
         - @ConditionalOnClass did not find required class 'org.springframework.kafka.core.KafkaTemplate' (OnClassCondition)

   LdapAutoConfiguration:
      Did not match:
         - @ConditionalOnClass did not find required class 'org.springframework.ldap.core.ContextSource' (OnClassCondition)

   LdapRepositoriesAutoConfiguration:
      Did not match:
         - @ConditionalOnClass did not find required class 'org.springframework.data.ldap.repository.LdapRepository' (OnClassCondition)

   LiquibaseAutoConfiguration:
      Did not match:
         - @ConditionalOnClass did not find required class 'liquibase.change.DatabaseChange' (OnClassCondition)

   MailSenderAutoConfiguration:
      Did not match:
         - @ConditionalOnClass did not find required class 'jakarta.mail.internet.MimeMessage' (OnClassCondition)

   MailSenderValidatorAutoConfiguration:
      Did not match:
         - @ConditionalOnSingleCandidate did not find required type 'org.springframework.mail.javamail.JavaMailSenderImpl' (OnBeanCondition)

   MessageSourceAutoConfiguration:
      Did not match:
         - ResourceBundle did not find bundle with basename messages (MessageSourceAutoConfiguration.ResourceBundleCondition)

   MongoAutoConfiguration:
      Did not match:
         - @ConditionalOnClass did not find required class 'com.mongodb.client.MongoClient' (OnClassCondition)

   MongoDataAutoConfiguration:
      Did not match:
         - @ConditionalOnClass did not find required class 'com.mongodb.client.MongoClient' (OnClassCondition)

   MongoReactiveAutoConfiguration:
      Did not match:
         - @ConditionalOnClass did not find required class 'com.mongodb.reactivestreams.client.MongoClient' (OnClassCondition)

   MongoReactiveDataAutoConfiguration:
      Did not match:
         - @ConditionalOnClass did not find required class 'com.mongodb.reactivestreams.client.MongoClient' (OnClassCondition)

   MongoReactiveRepositoriesAutoConfiguration:
      Did not match:
         - @ConditionalOnClass did not find required class 'com.mongodb.reactivestreams.client.MongoClient' (OnClassCondition)

   MongoRepositoriesAutoConfiguration:
      Did not match:
         - @ConditionalOnClass did not find required class 'com.mongodb.client.MongoClient' (OnClassCondition)

   MustacheAutoConfiguration:
      Did not match:
         - @ConditionalOnClass did not find required class 'com.samskivert.mustache.Mustache' (OnClassCondition)

   Neo4jAutoConfiguration:
      Did not match:
         - @ConditionalOnClass did not find required class 'org.neo4j.driver.Driver' (OnClassCondition)

   Neo4jDataAutoConfiguration:
      Did not match:
         - @ConditionalOnClass did not find required class 'org.neo4j.driver.Driver' (OnClassCondition)

   Neo4jReactiveDataAutoConfiguration:
      Did not match:
         - @ConditionalOnClass did not find required class 'org.neo4j.driver.Driver' (OnClassCondition)

   Neo4jReactiveRepositoriesAutoConfiguration:
      Did not match:
         - @ConditionalOnClass did not find required class 'org.neo4j.driver.Driver' (OnClassCondition)

   Neo4jRepositoriesAutoConfiguration:
      Did not match:
         - @ConditionalOnClass did not find required class 'org.neo4j.driver.Driver' (OnClassCondition)

   NettyAutoConfiguration:
      Did not match:
         - @ConditionalOnClass did not find required class 'io.netty.util.NettyRuntime' (OnClassCondition)

   OAuth2AuthorizationServerAutoConfiguration:
      Did not match:
         - @ConditionalOnClass did not find required class 'org.springframework.security.oauth2.server.authorization.OAuth2Authorization' (OnClassCondition)

   OAuth2AuthorizationServerJwtAutoConfiguration:
      Did not match:
         - @ConditionalOnClass did not find required class 'org.springframework.security.oauth2.server.authorization.OAuth2Authorization' (OnClassCondition)

   OAuth2ClientAutoConfiguration:
      Did not match:
         - @ConditionalOnClass did not find required class 'org.springframework.security.oauth2.client.registration.ClientRegistration' (OnClassCondition)

   OAuth2ResourceServerAutoConfiguration:
      Did not match:
         - @ConditionalOnClass did not find required class 'org.springframework.security.oauth2.server.resource.authentication.BearerTokenAuthenticationToken' (OnClassCondition)

   ProjectInfoAutoConfiguration#buildProperties:
      Did not match:
         - @ConditionalOnResource did not find resource '${spring.info.build.location:classpath:META-INF/build-info.properties}' (OnResourceCondition)

   ProjectInfoAutoConfiguration#gitProperties:
      Did not match:
         - GitResource did not find git info at classpath:git.properties (ProjectInfoAutoConfiguration.GitResourceAvailableCondition)

   QuartzAutoConfiguration:
      Did not match:
         - @ConditionalOnClass did not find required class 'org.quartz.Scheduler' (OnClassCondition)

   R2dbcAutoConfiguration:
      Did not match:
         - @ConditionalOnClass did not find required class 'io.r2dbc.spi.ConnectionFactory' (OnClassCondition)

   R2dbcDataAutoConfiguration:
      Did not match:
         - @ConditionalOnClass did not find required class 'org.springframework.data.r2dbc.core.R2dbcEntityTemplate' (OnClassCondition)

   R2dbcInitializationConfiguration:
      Did not match:
         - @ConditionalOnClass did not find required classes 'io.r2dbc.spi.ConnectionFactory', 'org.springframework.r2dbc.connection.init.DatabasePopulator' (OnClassCondition)

   R2dbcRepositoriesAutoConfiguration:
      Did not match:
         - @ConditionalOnClass did not find required class 'io.r2dbc.spi.ConnectionFactory' (OnClassCondition)

   R2dbcTransactionManagerAutoConfiguration:
      Did not match:
         - @ConditionalOnClass did not find required class 'org.springframework.r2dbc.connection.R2dbcTransactionManager' (OnClassCondition)

   RSocketGraphQlClientAutoConfiguration:
      Did not match:
         - @ConditionalOnClass did not find required class 'graphql.GraphQL' (OnClassCondition)

   RSocketMessagingAutoConfiguration:
      Did not match:
         - @ConditionalOnClass did not find required class 'io.rsocket.RSocket' (OnClassCondition)

   RSocketRequesterAutoConfiguration:
      Did not match:
         - @ConditionalOnClass did not find required class 'io.rsocket.RSocket' (OnClassCondition)

   RSocketSecurityAutoConfiguration:
      Did not match:
         - @ConditionalOnClass did not find required class 'org.springframework.security.rsocket.core.SecuritySocketAcceptorInterceptor' (OnClassCondition)

   RSocketServerAutoConfiguration:
      Did not match:
         - @ConditionalOnClass did not find required class 'io.rsocket.core.RSocketServer' (OnClassCondition)

   RSocketStrategiesAutoConfiguration:
      Did not match:
         - @ConditionalOnClass did not find required class 'io.netty.buffer.PooledByteBufAllocator' (OnClassCondition)

   RabbitAutoConfiguration:
      Did not match:
         - @ConditionalOnClass did not find required class 'com.rabbitmq.client.Channel' (OnClassCondition)

   ReactiveElasticsearchClientAutoConfiguration:
      Did not match:
         - @ConditionalOnClass did not find required class 'co.elastic.clients.transport.ElasticsearchTransport' (OnClassCondition)

   ReactiveElasticsearchRepositoriesAutoConfiguration:
      Did not match:
         - @ConditionalOnClass did not find required class 'org.springframework.data.elasticsearch.client.elc.ReactiveElasticsearchClient' (OnClassCondition)

   ReactiveMultipartAutoConfiguration:
      Did not match:
         - @ConditionalOnClass did not find required class 'org.springframework.web.reactive.config.WebFluxConfigurer' (OnClassCondition)

   ReactiveOAuth2ClientAutoConfiguration:
      Did not match:
         - @ConditionalOnClass did not find required class 'reactor.core.publisher.Flux' (OnClassCondition)

   ReactiveOAuth2ResourceServerAutoConfiguration:
      Did not match:
         - @ConditionalOnWebApplication did not find reactive web application classes (OnWebApplicationCondition)

   ReactiveSecurityAutoConfiguration:
      Did not match:
         - @ConditionalOnClass did not find required class 'reactor.core.publisher.Flux' (OnClassCondition)

   ReactiveUserDetailsServiceAutoConfiguration:
      Did not match:
         - AnyNestedCondition 0 matched 2 did not; NestedCondition on ReactiveUserDetailsServiceAutoConfiguration.ReactiveUserDetailsServiceCondition.ReactiveWebApplicationCondition did not find reactive web application classes; NestedCondition on ReactiveUserDetailsServiceAutoConfiguration.ReactiveUserDetailsServiceCondition.RSocketSecurityEnabledCondition @ConditionalOnBean (types: org.springframework.messaging.rsocket.annotation.support.RSocketMessageHandler; SearchStrategy: all) did not find any beans of type org.springframework.messaging.rsocket.annotation.support.RSocketMessageHandler (ReactiveUserDetailsServiceAutoConfiguration.ReactiveUserDetailsServiceCondition)
      Matched:
         - @ConditionalOnClass found required class 'org.springframework.security.authentication.ReactiveAuthenticationManager' (OnClassCondition)

   ReactiveWebServerFactoryAutoConfiguration:
      Did not match:
         - @ConditionalOnWebApplication did not find reactive web application classes (OnWebApplicationCondition)

   RedisAutoConfiguration:
      Did not match:
         - @ConditionalOnClass did not find required class 'org.springframework.data.redis.core.RedisOperations' (OnClassCondition)

   RedisCacheConfiguration:
      Did not match:
         - @ConditionalOnClass did not find required class 'org.springframework.data.redis.connection.RedisConnectionFactory' (OnClassCondition)

   RedisReactiveAutoConfiguration:
      Did not match:
         - @ConditionalOnClass did not find required class 'reactor.core.publisher.Flux' (OnClassCondition)

   RedisRepositoriesAutoConfiguration:
      Did not match:
         - @ConditionalOnClass did not find required class 'org.springframework.data.redis.repository.configuration.EnableRedisRepositories' (OnClassCondition)

   RemoteDevToolsAutoConfiguration:
      Did not match:
         - @ConditionalOnProperty (spring.devtools.remote.secret) did not find property 'secret' (OnPropertyCondition)
      Matched:
         - @ConditionalOnClass found required classes 'jakarta.servlet.Filter', 'org.springframework.http.server.ServerHttpRequest' (OnClassCondition)

   RepositoryRestMvcAutoConfiguration:
      Did not match:
         - @ConditionalOnClass did not find required class 'org.springframework.data.rest.webmvc.config.RepositoryRestMvcConfiguration' (OnClassCondition)

   Saml2RelyingPartyAutoConfiguration:
      Did not match:
         - @ConditionalOnClass did not find required class 'org.springframework.security.saml2.provider.service.registration.RelyingPartyRegistrationRepository' (OnClassCondition)

   SecurityDataConfiguration:
      Did not match:
         - @ConditionalOnClass did not find required class 'org.springframework.security.data.repository.query.SecurityEvaluationContextExtension' (OnClassCondition)

   SendGridAutoConfiguration:
      Did not match:
         - @ConditionalOnClass did not find required class 'com.sendgrid.SendGrid' (OnClassCondition)

   ServletWebServerFactoryAutoConfiguration.ForwardedHeaderFilterConfiguration:
      Did not match:
         - @ConditionalOnProperty (server.forward-headers-strategy=framework) did not find property 'server.forward-headers-strategy' (OnPropertyCondition)

   ServletWebServerFactoryConfiguration.EmbeddedJetty:
      Did not match:
         - @ConditionalOnClass did not find required classes 'org.eclipse.jetty.server.Server', 'org.eclipse.jetty.util.Loader', 'org.eclipse.jetty.webapp.WebAppContext' (OnClassCondition)

   ServletWebServerFactoryConfiguration.EmbeddedUndertow:
      Did not match:
         - @ConditionalOnClass did not find required classes 'io.undertow.Undertow', 'org.xnio.SslClientAuthMode' (OnClassCondition)

   SessionAutoConfiguration:
      Did not match:
         - @ConditionalOnClass did not find required class 'org.springframework.session.Session' (OnClassCondition)

   SpringApplicationAdminJmxAutoConfiguration:
      Did not match:
         - @ConditionalOnProperty (spring.application.admin.enabled=true) did not find property 'enabled' (OnPropertyCondition)

   SpringBootWebSecurityConfiguration.SecurityFilterChainConfiguration:
      Did not match:
         - AllNestedConditions 1 matched 1 did not; NestedCondition on DefaultWebSecurityCondition.Beans @ConditionalOnMissingBean (types: org.springframework.security.web.SecurityFilterChain; SearchStrategy: all) found beans of type 'org.springframework.security.web.SecurityFilterChain' securityFilterChain; NestedCondition on DefaultWebSecurityCondition.Classes @ConditionalOnClass found required classes 'org.springframework.security.web.SecurityFilterChain', 'org.springframework.security.config.annotation.web.builders.HttpSecurity' (DefaultWebSecurityCondition)

   TaskSchedulingAutoConfiguration#scheduledBeanLazyInitializationExcludeFilter:
      Did not match:
         - @ConditionalOnBean (names: org.springframework.context.annotation.internalScheduledAnnotationProcessor; SearchStrategy: all) did not find any beans named org.springframework.context.annotation.internalScheduledAnnotationProcessor (OnBeanCondition)

   TaskSchedulingAutoConfiguration#taskScheduler:
      Did not match:
         - @ConditionalOnBean (names: org.springframework.context.annotation.internalScheduledAnnotationProcessor; SearchStrategy: all) did not find any beans named org.springframework.context.annotation.internalScheduledAnnotationProcessor (OnBeanCondition)

   ThymeleafAutoConfiguration:
      Did not match:
         - @ConditionalOnClass did not find required class 'org.thymeleaf.spring6.SpringTemplateEngine' (OnClassCondition)

   TransactionAutoConfiguration#transactionalOperator:
      Did not match:
         - @ConditionalOnSingleCandidate (types: org.springframework.transaction.ReactiveTransactionManager; SearchStrategy: all) did not find any beans (OnBeanCondition)

   TransactionAutoConfiguration.EnableTransactionManagementConfiguration.JdkDynamicAutoProxyConfiguration:
      Did not match:
         - @ConditionalOnProperty (spring.aop.proxy-target-class=false) did not find property 'proxy-target-class' (OnPropertyCondition)

   UserDetailsServiceAutoConfiguration:
      Did not match:
         - @ConditionalOnMissingBean (types: org.springframework.security.authentication.AuthenticationManager,org.springframework.security.authentication.AuthenticationProvider,org.springframework.security.core.userdetails.UserDetailsService,org.springframework.security.authentication.AuthenticationManagerResolver,org.springframework.security.oauth2.jwt.JwtDecoder,org.springframework.security.oauth2.server.resource.introspection.OpaqueTokenIntrospector,org.springframework.security.oauth2.client.registration.ClientRegistrationRepository,org.springframework.security.saml2.provider.service.registration.RelyingPartyRegistrationRepository; SearchStrategy: all) found beans of type 'org.springframework.security.authentication.AuthenticationManager' authenticationManager and found beans of type 'org.springframework.security.core.userdetails.UserDetailsService' customUserDetailsService and found beans of type 'org.springframework.security.authentication.AuthenticationProvider' authenticationProvider (OnBeanCondition)
      Matched:
         - @ConditionalOnClass found required class 'org.springframework.security.authentication.AuthenticationManager' (OnClassCondition)

   WebClientAutoConfiguration:
      Did not match:
         - @ConditionalOnClass did not find required class 'org.springframework.web.reactive.function.client.WebClient' (OnClassCondition)

   WebFluxAutoConfiguration:
      Did not match:
         - @ConditionalOnClass did not find required class 'org.springframework.web.reactive.config.WebFluxConfigurer' (OnClassCondition)

   WebMvcAutoConfiguration#hiddenHttpMethodFilter:
      Did not match:
         - @ConditionalOnProperty (spring.mvc.hiddenmethod.filter.enabled) did not find property 'enabled' (OnPropertyCondition)

   WebMvcAutoConfiguration.ProblemDetailsErrorHandlingConfiguration:
      Did not match:
         - @ConditionalOnProperty (spring.mvc.problemdetails.enabled=true) did not find property 'enabled' (OnPropertyCondition)

   WebMvcAutoConfiguration.ResourceChainCustomizerConfiguration:
      Did not match:
         - @ConditionalOnEnabledResourceChain did not find class org.webjars.WebJarAssetLocator (OnEnabledResourceChainCondition)

   WebMvcAutoConfiguration.WebMvcAutoConfigurationAdapter#beanNameViewResolver:
      Did not match:
         - @ConditionalOnMissingBean (types: org.springframework.web.servlet.view.BeanNameViewResolver; SearchStrategy: all) found beans of type 'org.springframework.web.servlet.view.BeanNameViewResolver' beanNameViewResolver (OnBeanCondition)

   WebServiceTemplateAutoConfiguration:
      Did not match:
         - @ConditionalOnClass did not find required class 'org.springframework.oxm.Marshaller' (OnClassCondition)

   WebServicesAutoConfiguration:
      Did not match:
         - @ConditionalOnClass did not find required class 'org.springframework.ws.transport.http.MessageDispatcherServlet' (OnClassCondition)

   WebSessionIdResolverAutoConfiguration:
      Did not match:
         - @ConditionalOnClass did not find required class 'reactor.core.publisher.Mono' (OnClassCondition)

   WebSocketMessagingAutoConfiguration:
      Did not match:
         - @ConditionalOnClass did not find required class 'org.springframework.web.socket.config.annotation.WebSocketMessageBrokerConfigurer' (OnClassCondition)

   WebSocketReactiveAutoConfiguration:
      Did not match:
         - @ConditionalOnWebApplication did not find reactive web application classes (OnWebApplicationCondition)

   WebSocketServletAutoConfiguration.JettyWebSocketConfiguration:
      Did not match:
         - @ConditionalOnClass did not find required class 'org.eclipse.jetty.websocket.jakarta.server.config.JakartaWebSocketServletContainerInitializer' (OnClassCondition)

   WebSocketServletAutoConfiguration.UndertowWebSocketConfiguration:
      Did not match:
         - @ConditionalOnClass did not find required class 'io.undertow.websockets.jsr.Bootstrap' (OnClassCondition)

   XADataSourceAutoConfiguration:
      Did not match:
         - @ConditionalOnBean (types: org.springframework.boot.jdbc.XADataSourceWrapper; SearchStrategy: all) did not find any beans of type org.springframework.boot.jdbc.XADataSourceWrapper (OnBeanCondition)
      Matched:
         - @ConditionalOnClass found required classes 'javax.sql.DataSource', 'jakarta.transaction.TransactionManager', 'org.springframework.jdbc.datasource.embedded.EmbeddedDatabaseType' (OnClassCondition)


Exclusions:
-----------

    None


Unconditional classes:
----------------------

    org.springframework.boot.autoconfigure.context.ConfigurationPropertiesAutoConfiguration

    org.springframework.boot.autoconfigure.ssl.SslAutoConfiguration

    org.springframework.boot.autoconfigure.context.LifecycleAutoConfiguration

    org.springframework.boot.autoconfigure.context.PropertyPlaceholderAutoConfiguration

    org.springframework.boot.autoconfigure.availability.ApplicationAvailabilityAutoConfiguration

    org.springframework.boot.autoconfigure.info.ProjectInfoAutoConfiguration



2026-03-10T15:56:14.547+05:30 ERROR 12536 --- [  restartedMain] o.s.boot.SpringApplication               : Application run failed

org.springframework.context.ApplicationContextException: Unable to start web server
	at org.springframework.boot.web.servlet.context.ServletWebServerApplicationContext.onRefresh(ServletWebServerApplicationContext.java:164) ~[spring-boot-3.1.4.jar:3.1.4]
	at org.springframework.context.support.AbstractApplicationContext.refresh(AbstractApplicationContext.java:602) ~[spring-context-6.0.12.jar:6.0.12]
	at org.springframework.boot.web.servlet.context.ServletWebServerApplicationContext.refresh(ServletWebServerApplicationContext.java:146) ~[spring-boot-3.1.4.jar:3.1.4]
	at org.springframework.boot.SpringApplication.refresh(SpringApplication.java:737) ~[spring-boot-3.1.4.jar:3.1.4]
	at org.springframework.boot.SpringApplication.refreshContext(SpringApplication.java:439) ~[spring-boot-3.1.4.jar:3.1.4]
	at org.springframework.boot.SpringApplication.run(SpringApplication.java:315) ~[spring-boot-3.1.4.jar:3.1.4]
	at org.springframework.boot.SpringApplication.run(SpringApplication.java:1309) ~[spring-boot-3.1.4.jar:3.1.4]
	at org.springframework.boot.SpringApplication.run(SpringApplication.java:1298) ~[spring-boot-3.1.4.jar:3.1.4]
	at com.taskflow.TaskFlowApplication.main(TaskflowApplication.java:9) ~[classes/:na]
	at java.base/jdk.internal.reflect.NativeMethodAccessorImpl.invoke0(Native Method) ~[na:na]
	at java.base/jdk.internal.reflect.NativeMethodAccessorImpl.invoke(NativeMethodAccessorImpl.java:77) ~[na:na]
	at java.base/jdk.internal.reflect.DelegatingMethodAccessorImpl.invoke(DelegatingMethodAccessorImpl.java:43) ~[na:na]
	at java.base/java.lang.reflect.Method.invoke(Method.java:569) ~[na:na]
	at org.springframework.boot.devtools.restart.RestartLauncher.run(RestartLauncher.java:50) ~[spring-boot-devtools-3.1.4.jar:3.1.4]
Caused by: org.springframework.boot.web.server.WebServerException: Unable to start embedded Tomcat
	at org.springframework.boot.web.embedded.tomcat.TomcatWebServer.initialize(TomcatWebServer.java:142) ~[spring-boot-3.1.4.jar:3.1.4]
	at org.springframework.boot.web.embedded.tomcat.TomcatWebServer.<init>(TomcatWebServer.java:104) ~[spring-boot-3.1.4.jar:3.1.4]
	at org.springframework.boot.web.embedded.tomcat.TomcatServletWebServerFactory.getTomcatWebServer(TomcatServletWebServerFactory.java:489) ~[spring-boot-3.1.4.jar:3.1.4]
	at org.springframework.boot.web.embedded.tomcat.TomcatServletWebServerFactory.getWebServer(TomcatServletWebServerFactory.java:211) ~[spring-boot-3.1.4.jar:3.1.4]
	at org.springframework.boot.web.servlet.context.ServletWebServerApplicationContext.createWebServer(ServletWebServerApplicationContext.java:183) ~[spring-boot-3.1.4.jar:3.1.4]
	at org.springframework.boot.web.servlet.context.ServletWebServerApplicationContext.onRefresh(ServletWebServerApplicationContext.java:161) ~[spring-boot-3.1.4.jar:3.1.4]
	... 13 common frames omitted
Caused by: org.springframework.beans.factory.UnsatisfiedDependencyException: Error creating bean with name 'jwtAuthFilter' defined in file [E:\Personal_Projects\Taskflow App\backend\target\classes\com\taskflow\config\JwtAuthFilter.class]: Unsatisfied dependency expressed through constructor parameter 1: Error creating bean with name 'customUserDetailsService' defined in file [E:\Personal_Projects\Taskflow App\backend\target\classes\com\taskflow\service\CustomUserDetailsService.class]: Unsatisfied dependency expressed through constructor parameter 0: Error creating bean with name 'userRepository' defined in com.taskflow.repository.UserRepository defined in @EnableJpaRepositories declared on JpaRepositoriesRegistrar.EnableJpaRepositoriesConfiguration: Cannot resolve reference to bean 'jpaSharedEM_entityManagerFactory' while setting bean property 'entityManager'
	at org.springframework.beans.factory.support.ConstructorResolver.createArgumentArray(ConstructorResolver.java:801) ~[spring-beans-6.0.12.jar:6.0.12]
	at org.springframework.beans.factory.support.ConstructorResolver.autowireConstructor(ConstructorResolver.java:240) ~[spring-beans-6.0.12.jar:6.0.12]
	at org.springframework.beans.factory.support.AbstractAutowireCapableBeanFactory.autowireConstructor(AbstractAutowireCapableBeanFactory.java:1352) ~[spring-beans-6.0.12.jar:6.0.12]
	at org.springframework.beans.factory.support.AbstractAutowireCapableBeanFactory.createBeanInstance(AbstractAutowireCapableBeanFactory.java:1189) ~[spring-beans-6.0.12.jar:6.0.12]
	at org.springframework.beans.factory.support.AbstractAutowireCapableBeanFactory.doCreateBean(AbstractAutowireCapableBeanFactory.java:560) ~[spring-beans-6.0.12.jar:6.0.12]
	at org.springframework.beans.factory.support.AbstractAutowireCapableBeanFactory.createBean(AbstractAutowireCapableBeanFactory.java:520) ~[spring-beans-6.0.12.jar:6.0.12]
	at org.springframework.beans.factory.support.AbstractBeanFactory.lambda$doGetBean$0(AbstractBeanFactory.java:325) ~[spring-beans-6.0.12.jar:6.0.12]
	at org.springframework.beans.factory.support.DefaultSingletonBeanRegistry.getSingleton(DefaultSingletonBeanRegistry.java:234) ~[spring-beans-6.0.12.jar:6.0.12]
	at org.springframework.beans.factory.support.AbstractBeanFactory.doGetBean(AbstractBeanFactory.java:323) ~[spring-beans-6.0.12.jar:6.0.12]
	at org.springframework.beans.factory.support.AbstractBeanFactory.getBean(AbstractBeanFactory.java:204) ~[spring-beans-6.0.12.jar:6.0.12]
	at org.springframework.boot.web.servlet.ServletContextInitializerBeans.getOrderedBeansOfType(ServletContextInitializerBeans.java:210) ~[spring-boot-3.1.4.jar:3.1.4]
	at org.springframework.boot.web.servlet.ServletContextInitializerBeans.addAsRegistrationBean(ServletContextInitializerBeans.java:173) ~[spring-boot-3.1.4.jar:3.1.4]
	at org.springframework.boot.web.servlet.ServletContextInitializerBeans.addAsRegistrationBean(ServletContextInitializerBeans.java:168) ~[spring-boot-3.1.4.jar:3.1.4]
	at org.springframework.boot.web.servlet.ServletContextInitializerBeans.addAdaptableBeans(ServletContextInitializerBeans.java:153) ~[spring-boot-3.1.4.jar:3.1.4]
	at org.springframework.boot.web.servlet.ServletContextInitializerBeans.<init>(ServletContextInitializerBeans.java:86) ~[spring-boot-3.1.4.jar:3.1.4]
	at org.springframework.boot.web.servlet.context.ServletWebServerApplicationContext.getServletContextInitializerBeans(ServletWebServerApplicationContext.java:261) ~[spring-boot-3.1.4.jar:3.1.4]
	at org.springframework.boot.web.servlet.context.ServletWebServerApplicationContext.selfInitialize(ServletWebServerApplicationContext.java:235) ~[spring-boot-3.1.4.jar:3.1.4]
	at org.springframework.boot.web.embedded.tomcat.TomcatStarter.onStartup(TomcatStarter.java:52) ~[spring-boot-3.1.4.jar:3.1.4]
	at org.apache.catalina.core.StandardContext.startInternal(StandardContext.java:4850) ~[tomcat-embed-core-10.1.13.jar:10.1.13]
	at org.apache.catalina.util.LifecycleBase.start(LifecycleBase.java:171) ~[tomcat-embed-core-10.1.13.jar:10.1.13]
	at org.apache.catalina.core.ContainerBase$StartChild.call(ContainerBase.java:1332) ~[tomcat-embed-core-10.1.13.jar:10.1.13]
	at org.apache.catalina.core.ContainerBase$StartChild.call(ContainerBase.java:1322) ~[tomcat-embed-core-10.1.13.jar:10.1.13]
	at java.base/java.util.concurrent.FutureTask.run(FutureTask.java:264) ~[na:na]
	at org.apache.tomcat.util.threads.InlineExecutorService.execute(InlineExecutorService.java:75) ~[tomcat-embed-core-10.1.13.jar:10.1.13]
	at java.base/java.util.concurrent.AbstractExecutorService.submit(AbstractExecutorService.java:145) ~[na:na]
	at org.apache.catalina.core.ContainerBase.startInternal(ContainerBase.java:866) ~[tomcat-embed-core-10.1.13.jar:10.1.13]
	at org.apache.catalina.core.StandardHost.startInternal(StandardHost.java:846) ~[tomcat-embed-core-10.1.13.jar:10.1.13]
	at org.apache.catalina.util.LifecycleBase.start(LifecycleBase.java:171) ~[tomcat-embed-core-10.1.13.jar:10.1.13]
	at org.apache.catalina.core.ContainerBase$StartChild.call(ContainerBase.java:1332) ~[tomcat-embed-core-10.1.13.jar:10.1.13]
	at org.apache.catalina.core.ContainerBase$StartChild.call(ContainerBase.java:1322) ~[tomcat-embed-core-10.1.13.jar:10.1.13]
	at java.base/java.util.concurrent.FutureTask.run(FutureTask.java:264) ~[na:na]
	at org.apache.tomcat.util.threads.InlineExecutorService.execute(InlineExecutorService.java:75) ~[tomcat-embed-core-10.1.13.jar:10.1.13]
	at java.base/java.util.concurrent.AbstractExecutorService.submit(AbstractExecutorService.java:145) ~[na:na]
	at org.apache.catalina.core.ContainerBase.startInternal(ContainerBase.java:866) ~[tomcat-embed-core-10.1.13.jar:10.1.13]
	at org.apache.catalina.core.StandardEngine.startInternal(StandardEngine.java:241) ~[tomcat-embed-core-10.1.13.jar:10.1.13]
	at org.apache.catalina.util.LifecycleBase.start(LifecycleBase.java:171) ~[tomcat-embed-core-10.1.13.jar:10.1.13]
	at org.apache.catalina.core.StandardService.startInternal(StandardService.java:433) ~[tomcat-embed-core-10.1.13.jar:10.1.13]
	at org.apache.catalina.util.LifecycleBase.start(LifecycleBase.java:171) ~[tomcat-embed-core-10.1.13.jar:10.1.13]
	at org.apache.catalina.core.StandardServer.startInternal(StandardServer.java:918) ~[tomcat-embed-core-10.1.13.jar:10.1.13]
	at org.apache.catalina.util.LifecycleBase.start(LifecycleBase.java:171) ~[tomcat-embed-core-10.1.13.jar:10.1.13]
	at org.apache.catalina.startup.Tomcat.start(Tomcat.java:485) ~[tomcat-embed-core-10.1.13.jar:10.1.13]
	at org.springframework.boot.web.embedded.tomcat.TomcatWebServer.initialize(TomcatWebServer.java:123) ~[spring-boot-3.1.4.jar:3.1.4]
	... 18 common frames omitted
Caused by: org.springframework.beans.factory.UnsatisfiedDependencyException: Error creating bean with name 'customUserDetailsService' defined in file [E:\Personal_Projects\Taskflow App\backend\target\classes\com\taskflow\service\CustomUserDetailsService.class]: Unsatisfied dependency expressed through constructor parameter 0: Error creating bean with name 'userRepository' defined in com.taskflow.repository.UserRepository defined in @EnableJpaRepositories declared on JpaRepositoriesRegistrar.EnableJpaRepositoriesConfiguration: Cannot resolve reference to bean 'jpaSharedEM_entityManagerFactory' while setting bean property 'entityManager'
	at org.springframework.beans.factory.support.ConstructorResolver.createArgumentArray(ConstructorResolver.java:801) ~[spring-beans-6.0.12.jar:6.0.12]
	at org.springframework.beans.factory.support.ConstructorResolver.autowireConstructor(ConstructorResolver.java:240) ~[spring-beans-6.0.12.jar:6.0.12]
	at org.springframework.beans.factory.support.AbstractAutowireCapableBeanFactory.autowireConstructor(AbstractAutowireCapableBeanFactory.java:1352) ~[spring-beans-6.0.12.jar:6.0.12]
	at org.springframework.beans.factory.support.AbstractAutowireCapableBeanFactory.createBeanInstance(AbstractAutowireCapableBeanFactory.java:1189) ~[spring-beans-6.0.12.jar:6.0.12]
	at org.springframework.beans.factory.support.AbstractAutowireCapableBeanFactory.doCreateBean(AbstractAutowireCapableBeanFactory.java:560) ~[spring-beans-6.0.12.jar:6.0.12]
	at org.springframework.beans.factory.support.AbstractAutowireCapableBeanFactory.createBean(AbstractAutowireCapableBeanFactory.java:520) ~[spring-beans-6.0.12.jar:6.0.12]
	at org.springframework.beans.factory.support.AbstractBeanFactory.lambda$doGetBean$0(AbstractBeanFactory.java:325) ~[spring-beans-6.0.12.jar:6.0.12]
	at org.springframework.beans.factory.support.DefaultSingletonBeanRegistry.getSingleton(DefaultSingletonBeanRegistry.java:234) ~[spring-beans-6.0.12.jar:6.0.12]
	at org.springframework.beans.factory.support.AbstractBeanFactory.doGetBean(AbstractBeanFactory.java:323) ~[spring-beans-6.0.12.jar:6.0.12]
	at org.springframework.beans.factory.support.AbstractBeanFactory.getBean(AbstractBeanFactory.java:199) ~[spring-beans-6.0.12.jar:6.0.12]
	at org.springframework.beans.factory.config.DependencyDescriptor.resolveCandidate(DependencyDescriptor.java:254) ~[spring-beans-6.0.12.jar:6.0.12]
	at org.springframework.beans.factory.support.DefaultListableBeanFactory.doResolveDependency(DefaultListableBeanFactory.java:1417) ~[spring-beans-6.0.12.jar:6.0.12]
	at org.springframework.beans.factory.support.DefaultListableBeanFactory.resolveDependency(DefaultListableBeanFactory.java:1337) ~[spring-beans-6.0.12.jar:6.0.12]
	at org.springframework.beans.factory.support.ConstructorResolver.resolveAutowiredArgument(ConstructorResolver.java:910) ~[spring-beans-6.0.12.jar:6.0.12]
	at org.springframework.beans.factory.support.ConstructorResolver.createArgumentArray(ConstructorResolver.java:788) ~[spring-beans-6.0.12.jar:6.0.12]
	... 59 common frames omitted
Caused by: org.springframework.beans.factory.BeanCreationException: Error creating bean with name 'userRepository' defined in com.taskflow.repository.UserRepository defined in @EnableJpaRepositories declared on JpaRepositoriesRegistrar.EnableJpaRepositoriesConfiguration: Cannot resolve reference to bean 'jpaSharedEM_entityManagerFactory' while setting bean property 'entityManager'
	at org.springframework.beans.factory.support.BeanDefinitionValueResolver.resolveReference(BeanDefinitionValueResolver.java:377) ~[spring-beans-6.0.12.jar:6.0.12]
	at org.springframework.beans.factory.support.BeanDefinitionValueResolver.resolveValueIfNecessary(BeanDefinitionValueResolver.java:135) ~[spring-beans-6.0.12.jar:6.0.12]
	at org.springframework.beans.factory.support.AbstractAutowireCapableBeanFactory.applyPropertyValues(AbstractAutowireCapableBeanFactory.java:1682) ~[spring-beans-6.0.12.jar:6.0.12]
	at org.springframework.beans.factory.support.AbstractAutowireCapableBeanFactory.populateBean(AbstractAutowireCapableBeanFactory.java:1431) ~[spring-beans-6.0.12.jar:6.0.12]
	at org.springframework.beans.factory.support.AbstractAutowireCapableBeanFactory.doCreateBean(AbstractAutowireCapableBeanFactory.java:597) ~[spring-beans-6.0.12.jar:6.0.12]
	at org.springframework.beans.factory.support.AbstractAutowireCapableBeanFactory.createBean(AbstractAutowireCapableBeanFactory.java:520) ~[spring-beans-6.0.12.jar:6.0.12]
	at org.springframework.beans.factory.support.AbstractBeanFactory.lambda$doGetBean$0(AbstractBeanFactory.java:325) ~[spring-beans-6.0.12.jar:6.0.12]
	at org.springframework.beans.factory.support.DefaultSingletonBeanRegistry.getSingleton(DefaultSingletonBeanRegistry.java:234) ~[spring-beans-6.0.12.jar:6.0.12]
	at org.springframework.beans.factory.support.AbstractBeanFactory.doGetBean(AbstractBeanFactory.java:323) ~[spring-beans-6.0.12.jar:6.0.12]
	at org.springframework.beans.factory.support.AbstractBeanFactory.getBean(AbstractBeanFactory.java:199) ~[spring-beans-6.0.12.jar:6.0.12]
	at org.springframework.beans.factory.config.DependencyDescriptor.resolveCandidate(DependencyDescriptor.java:254) ~[spring-beans-6.0.12.jar:6.0.12]
	at org.springframework.beans.factory.support.DefaultListableBeanFactory.doResolveDependency(DefaultListableBeanFactory.java:1417) ~[spring-beans-6.0.12.jar:6.0.12]
	at org.springframework.beans.factory.support.DefaultListableBeanFactory.resolveDependency(DefaultListableBeanFactory.java:1337) ~[spring-beans-6.0.12.jar:6.0.12]
	at org.springframework.beans.factory.support.ConstructorResolver.resolveAutowiredArgument(ConstructorResolver.java:910) ~[spring-beans-6.0.12.jar:6.0.12]
	at org.springframework.beans.factory.support.ConstructorResolver.createArgumentArray(ConstructorResolver.java:788) ~[spring-beans-6.0.12.jar:6.0.12]
	... 73 common frames omitted
Caused by: org.springframework.beans.factory.BeanCreationException: Error creating bean with name 'jpaSharedEM_entityManagerFactory': Cannot resolve reference to bean 'entityManagerFactory' while setting constructor argument
	at org.springframework.beans.factory.support.BeanDefinitionValueResolver.resolveReference(BeanDefinitionValueResolver.java:377) ~[spring-beans-6.0.12.jar:6.0.12]
	at org.springframework.beans.factory.support.BeanDefinitionValueResolver.resolveValueIfNecessary(BeanDefinitionValueResolver.java:135) ~[spring-beans-6.0.12.jar:6.0.12]
	at org.springframework.beans.factory.support.ConstructorResolver.resolveConstructorArguments(ConstructorResolver.java:688) ~[spring-beans-6.0.12.jar:6.0.12]
	at org.springframework.beans.factory.support.ConstructorResolver.instantiateUsingFactoryMethod(ConstructorResolver.java:512) ~[spring-beans-6.0.12.jar:6.0.12]
	at org.springframework.beans.factory.support.AbstractAutowireCapableBeanFactory.instantiateUsingFactoryMethod(AbstractAutowireCapableBeanFactory.java:1332) ~[spring-beans-6.0.12.jar:6.0.12]
	at org.springframework.beans.factory.support.AbstractAutowireCapableBeanFactory.createBeanInstance(AbstractAutowireCapableBeanFactory.java:1162) ~[spring-beans-6.0.12.jar:6.0.12]
	at org.springframework.beans.factory.support.AbstractAutowireCapableBeanFactory.doCreateBean(AbstractAutowireCapableBeanFactory.java:560) ~[spring-beans-6.0.12.jar:6.0.12]
	at org.springframework.beans.factory.support.AbstractAutowireCapableBeanFactory.createBean(AbstractAutowireCapableBeanFactory.java:520) ~[spring-beans-6.0.12.jar:6.0.12]
	at org.springframework.beans.factory.support.AbstractBeanFactory.lambda$doGetBean$0(AbstractBeanFactory.java:325) ~[spring-beans-6.0.12.jar:6.0.12]
	at org.springframework.beans.factory.support.DefaultSingletonBeanRegistry.getSingleton(DefaultSingletonBeanRegistry.java:234) ~[spring-beans-6.0.12.jar:6.0.12]
	at org.springframework.beans.factory.support.AbstractBeanFactory.doGetBean(AbstractBeanFactory.java:323) ~[spring-beans-6.0.12.jar:6.0.12]
	at org.springframework.beans.factory.support.AbstractBeanFactory.getBean(AbstractBeanFactory.java:199) ~[spring-beans-6.0.12.jar:6.0.12]
	at org.springframework.beans.factory.support.BeanDefinitionValueResolver.resolveReference(BeanDefinitionValueResolver.java:365) ~[spring-beans-6.0.12.jar:6.0.12]
	... 87 common frames omitted
Caused by: org.springframework.beans.factory.BeanCreationException: Error creating bean with name 'entityManagerFactory' defined in class path resource [org/springframework/boot/autoconfigure/orm/jpa/HibernateJpaConfiguration.class]: [PersistenceUnit: default] Unable to build Hibernate SessionFactory; nested exception is org.hibernate.exception.GenericJDBCException: Unable to open JDBC Connection for DDL execution [FATAL: password authentication failed for user "postgres"] [n/a]
	at org.springframework.beans.factory.support.AbstractAutowireCapableBeanFactory.initializeBean(AbstractAutowireCapableBeanFactory.java:1770) ~[spring-beans-6.0.12.jar:6.0.12]
	at org.springframework.beans.factory.support.AbstractAutowireCapableBeanFactory.doCreateBean(AbstractAutowireCapableBeanFactory.java:598) ~[spring-beans-6.0.12.jar:6.0.12]
	at org.springframework.beans.factory.support.AbstractAutowireCapableBeanFactory.createBean(AbstractAutowireCapableBeanFactory.java:520) ~[spring-beans-6.0.12.jar:6.0.12]
	at org.springframework.beans.factory.support.AbstractBeanFactory.lambda$doGetBean$0(AbstractBeanFactory.java:325) ~[spring-beans-6.0.12.jar:6.0.12]
	at org.springframework.beans.factory.support.DefaultSingletonBeanRegistry.getSingleton(DefaultSingletonBeanRegistry.java:234) ~[spring-beans-6.0.12.jar:6.0.12]
	at org.springframework.beans.factory.support.AbstractBeanFactory.doGetBean(AbstractBeanFactory.java:323) ~[spring-beans-6.0.12.jar:6.0.12]
	at org.springframework.beans.factory.support.AbstractBeanFactory.getBean(AbstractBeanFactory.java:199) ~[spring-beans-6.0.12.jar:6.0.12]
	at org.springframework.beans.factory.support.BeanDefinitionValueResolver.resolveReference(BeanDefinitionValueResolver.java:365) ~[spring-beans-6.0.12.jar:6.0.12]
	... 99 common frames omitted
Caused by: jakarta.persistence.PersistenceException: [PersistenceUnit: default] Unable to build Hibernate SessionFactory; nested exception is org.hibernate.exception.GenericJDBCException: Unable to open JDBC Connection for DDL execution [FATAL: password authentication failed for user "postgres"] [n/a]
	at org.springframework.orm.jpa.AbstractEntityManagerFactoryBean.buildNativeEntityManagerFactory(AbstractEntityManagerFactoryBean.java:421) ~[spring-orm-6.0.12.jar:6.0.12]
	at org.springframework.orm.jpa.AbstractEntityManagerFactoryBean.afterPropertiesSet(AbstractEntityManagerFactoryBean.java:396) ~[spring-orm-6.0.12.jar:6.0.12]
	at org.springframework.orm.jpa.LocalContainerEntityManagerFactoryBean.afterPropertiesSet(LocalContainerEntityManagerFactoryBean.java:352) ~[spring-orm-6.0.12.jar:6.0.12]
	at org.springframework.beans.factory.support.AbstractAutowireCapableBeanFactory.invokeInitMethods(AbstractAutowireCapableBeanFactory.java:1817) ~[spring-beans-6.0.12.jar:6.0.12]
	at org.springframework.beans.factory.support.AbstractAutowireCapableBeanFactory.initializeBean(AbstractAutowireCapableBeanFactory.java:1766) ~[spring-beans-6.0.12.jar:6.0.12]
	... 106 common frames omitted
Caused by: org.hibernate.exception.GenericJDBCException: Unable to open JDBC Connection for DDL execution [FATAL: password authentication failed for user "postgres"] [n/a]
	at org.hibernate.exception.internal.StandardSQLExceptionConverter.convert(StandardSQLExceptionConverter.java:61) ~[hibernate-core-6.2.9.Final.jar:6.2.9.Final]
	at org.hibernate.engine.jdbc.spi.SqlExceptionHelper.convert(SqlExceptionHelper.java:108) ~[hibernate-core-6.2.9.Final.jar:6.2.9.Final]
	at org.hibernate.engine.jdbc.spi.SqlExceptionHelper.convert(SqlExceptionHelper.java:94) ~[hibernate-core-6.2.9.Final.jar:6.2.9.Final]
	at org.hibernate.resource.transaction.backend.jdbc.internal.DdlTransactionIsolatorNonJtaImpl.getIsolatedConnection(DdlTransactionIsolatorNonJtaImpl.java:74) ~[hibernate-core-6.2.9.Final.jar:6.2.9.Final]
	at org.hibernate.resource.transaction.backend.jdbc.internal.DdlTransactionIsolatorNonJtaImpl.getIsolatedConnection(DdlTransactionIsolatorNonJtaImpl.java:39) ~[hibernate-core-6.2.9.Final.jar:6.2.9.Final]
	at org.hibernate.tool.schema.internal.exec.ImprovedExtractionContextImpl.getJdbcConnection(ImprovedExtractionContextImpl.java:63) ~[hibernate-core-6.2.9.Final.jar:6.2.9.Final]
	at org.hibernate.tool.schema.extract.spi.ExtractionContext.getQueryResults(ExtractionContext.java:43) ~[hibernate-core-6.2.9.Final.jar:6.2.9.Final]
	at org.hibernate.tool.schema.extract.internal.SequenceInformationExtractorLegacyImpl.extractMetadata(SequenceInformationExtractorLegacyImpl.java:39) ~[hibernate-core-6.2.9.Final.jar:6.2.9.Final]
	at org.hibernate.tool.schema.extract.internal.DatabaseInformationImpl.initializeSequences(DatabaseInformationImpl.java:66) ~[hibernate-core-6.2.9.Final.jar:6.2.9.Final]
	at org.hibernate.tool.schema.extract.internal.DatabaseInformationImpl.<init>(DatabaseInformationImpl.java:60) ~[hibernate-core-6.2.9.Final.jar:6.2.9.Final]
	at org.hibernate.tool.schema.internal.Helper.buildDatabaseInformation(Helper.java:187) ~[hibernate-core-6.2.9.Final.jar:6.2.9.Final]
	at org.hibernate.tool.schema.internal.AbstractSchemaMigrator.doMigration(AbstractSchemaMigrator.java:98) ~[hibernate-core-6.2.9.Final.jar:6.2.9.Final]
	at org.hibernate.tool.schema.spi.SchemaManagementToolCoordinator.performDatabaseAction(SchemaManagementToolCoordinator.java:284) ~[hibernate-core-6.2.9.Final.jar:6.2.9.Final]
	at org.hibernate.tool.schema.spi.SchemaManagementToolCoordinator.lambda$process$5(SchemaManagementToolCoordinator.java:143) ~[hibernate-core-6.2.9.Final.jar:6.2.9.Final]
	at java.base/java.util.HashMap.forEach(HashMap.java:1421) ~[na:na]
	at org.hibernate.tool.schema.spi.SchemaManagementToolCoordinator.process(SchemaManagementToolCoordinator.java:140) ~[hibernate-core-6.2.9.Final.jar:6.2.9.Final]
	at org.hibernate.boot.internal.SessionFactoryObserverForSchemaExport.sessionFactoryCreated(SessionFactoryObserverForSchemaExport.java:37) ~[hibernate-core-6.2.9.Final.jar:6.2.9.Final]
	at org.hibernate.internal.SessionFactoryObserverChain.sessionFactoryCreated(SessionFactoryObserverChain.java:35) ~[hibernate-core-6.2.9.Final.jar:6.2.9.Final]
	at org.hibernate.internal.SessionFactoryImpl.<init>(SessionFactoryImpl.java:293) ~[hibernate-core-6.2.9.Final.jar:6.2.9.Final]
	at org.hibernate.boot.internal.SessionFactoryBuilderImpl.build(SessionFactoryBuilderImpl.java:444) ~[hibernate-core-6.2.9.Final.jar:6.2.9.Final]
	at org.hibernate.jpa.boot.internal.EntityManagerFactoryBuilderImpl.build(EntityManagerFactoryBuilderImpl.java:1455) ~[hibernate-core-6.2.9.Final.jar:6.2.9.Final]
	at org.springframework.orm.jpa.vendor.SpringHibernateJpaPersistenceProvider.createContainerEntityManagerFactory(SpringHibernateJpaPersistenceProvider.java:75) ~[spring-orm-6.0.12.jar:6.0.12]
	at org.springframework.orm.jpa.LocalContainerEntityManagerFactoryBean.createNativeEntityManagerFactory(LocalContainerEntityManagerFactoryBean.java:376) ~[spring-orm-6.0.12.jar:6.0.12]
	at org.springframework.orm.jpa.AbstractEntityManagerFactoryBean.buildNativeEntityManagerFactory(AbstractEntityManagerFactoryBean.java:409) ~[spring-orm-6.0.12.jar:6.0.12]
	... 110 common frames omitted
Caused by: org.postgresql.util.PSQLException: FATAL: password authentication failed for user "postgres"
	at org.postgresql.core.v3.ConnectionFactoryImpl.doAuthentication(ConnectionFactoryImpl.java:693) ~[postgresql-42.6.0.jar:42.6.0]
	at org.postgresql.core.v3.ConnectionFactoryImpl.tryConnect(ConnectionFactoryImpl.java:203) ~[postgresql-42.6.0.jar:42.6.0]
	at org.postgresql.core.v3.ConnectionFactoryImpl.openConnectionImpl(ConnectionFactoryImpl.java:258) ~[postgresql-42.6.0.jar:42.6.0]
	at org.postgresql.core.ConnectionFactory.openConnection(ConnectionFactory.java:54) ~[postgresql-42.6.0.jar:42.6.0]
	at org.postgresql.jdbc.PgConnection.<init>(PgConnection.java:263) ~[postgresql-42.6.0.jar:42.6.0]
	at org.postgresql.Driver.makeConnection(Driver.java:443) ~[postgresql-42.6.0.jar:42.6.0]
	at org.postgresql.Driver.connect(Driver.java:297) ~[postgresql-42.6.0.jar:42.6.0]
	at com.zaxxer.hikari.util.DriverDataSource.getConnection(DriverDataSource.java:138) ~[HikariCP-5.0.1.jar:na]
	at com.zaxxer.hikari.pool.PoolBase.newConnection(PoolBase.java:359) ~[HikariCP-5.0.1.jar:na]
	at com.zaxxer.hikari.pool.PoolBase.newPoolEntry(PoolBase.java:201) ~[HikariCP-5.0.1.jar:na]
	at com.zaxxer.hikari.pool.HikariPool.createPoolEntry(HikariPool.java:470) ~[HikariCP-5.0.1.jar:na]
	at com.zaxxer.hikari.pool.HikariPool.checkFailFast(HikariPool.java:561) ~[HikariCP-5.0.1.jar:na]
	at com.zaxxer.hikari.pool.HikariPool.<init>(HikariPool.java:100) ~[HikariCP-5.0.1.jar:na]
	at com.zaxxer.hikari.HikariDataSource.getConnection(HikariDataSource.java:112) ~[HikariCP-5.0.1.jar:na]
	at org.hibernate.engine.jdbc.connections.internal.DatasourceConnectionProviderImpl.getConnection(DatasourceConnectionProviderImpl.java:122) ~[hibernate-core-6.2.9.Final.jar:6.2.9.Final]
	at org.hibernate.engine.jdbc.env.internal.JdbcEnvironmentInitiator$ConnectionProviderJdbcConnectionAccess.obtainConnection(JdbcEnvironmentInitiator.java:316) ~[hibernate-core-6.2.9.Final.jar:6.2.9.Final]
	at org.hibernate.resource.transaction.backend.jdbc.internal.DdlTransactionIsolatorNonJtaImpl.getIsolatedConnection(DdlTransactionIsolatorNonJtaImpl.java:46) ~[hibernate-core-6.2.9.Final.jar:6.2.9.Final]
	... 130 common frames omitted

[INFO] ------------------------------------------------------------------------
[INFO] BUILD SUCCESS
[INFO] ------------------------------------------------------------------------
[INFO] Total time:  18.470 s
[INFO] Finished at: 2026-03-10T15:56:14+05:30
[INFO] ------------------------------------------------------------------------
